File,Classification,Probability
GNYAHRVGAGAPVWL,Non-CPP,87.99%
KKKKKKNKKLQQRGD,CPP,84.62%
CGRKKRAARQRAARAARPPQ,CPP,86.72%
RRRRRRRGGKLAKLAKKLAKLAK,CPP,96.93%
MIIYRDKKSH,CPP,73.62%
RRLRHLRHHYRRRWHRFR,CPP,95.99%
SRAHHCRSKAKRSRHH,CPP,83.6%
CVQWSLLRGYQPC,Non-CPP,83.71%
PPRLRKRRQLNM,CPP,94.38%
IPMIK,CPP,71.53%
IYLATALAKWALKQGFGGRRRRRRR,CPP,57.7%
RKKRAQRRR,CPP,95.01%
YRQSHRRGGRRGSG,CPP,91.71%
WLRRIKAWLRRIKALNRQLGVAA,CPP,87.58%
GKKKKKKKKK,CPP,85.68%
RVIRWFQNKRSKDKK,CPP,84.76%
CRWRWKSSKK,CPP,84.77%
TKAARITPKDVIDVRSVTTEINT,Non-CPP,67.95%
PRPLPFPRPG,Non-CPP,78.75%
AGYLLGKTNLKALAALAKKIL,Non-CPP,53.22%
MANLGCWMLVLFVATWSDLGLCKKRPKP,Non-CPP,81.68%
GRGDSPRRSPRR,CPP,90.86%
RVRSWLGRQLRIAGKRLEGRSK,CPP,87.84%
AGYLLGKLKALAALAKKIL,CPP,67.72%
GRKKRRQRRRPPQC,CPP,96.01%
AGYLLGKINLKALAALAKKIL,CPP,52.23%
RGPRRQPRRHRRPRR,CPP,97.51%
AYRIKPTFRRLKWKYKGKFW,CPP,92.66%
CRFRWKCCKK,CPP,78.68%
ACRDRFRNCPADEALCG,Non-CPP,50.49%
RVIRWFQNKRCKDKK,CPP,83.56%
VKRGLKLRHVRPRVTRMDV,CPP,70.49%
KMDCRWRWKSCKK,CPP,81.44%
KLALKLALKALKAALKLAGC,CPP,79.52%
GRQLRRAGRRLRRRSR,CPP,95.17%
AAVALLPAVLLALLAPVQRKRQKLMP,CPP,76.74%
CRQIKIWFQNRRMKWKK,CPP,89.51%
RRRRRRRRRRRRRRRRGC,CPP,97.02%
ALIILRRRIRKQAHAHSK,CPP,91.78%
WRFKWRFKWRFK,CPP,88.36%
LLAILRRRIRKQAHAHSK,CPP,92.32%
GRKKRRQRRR,CPP,94.44%
RLWRALPRVLRRLLRP,CPP,94.89%
ESGGGGSPGRRRRRRRRRRR,CPP,92.03%
IGCRH,CPP,67.92%
GLGDKFGESIVNANTVLDDLNSRMPQSRHDIQQL,Non-CPP,96.18%
KHKLLHLLHLLALLWLHLLHLLKHK,CPP,80.57%
SHAFTWPTYLQL,CPP,61.93%
VLGQSGYLMPMR,Non-CPP,86.34%
CIGAVLKVLTTGLPALISWIKRKRQQ,CPP,63.7%
GTKMIFVGIKKKEERADLIAYLKKA,Non-CPP,83.5%
RKKRRRESRKKRRRESC,CPP,93.8%
LGLLLRHLRHHSNLLANI,Non-CPP,59.85%
RQIKIFFQNRRMKWKK,CPP,90.61%
CHHRRRRHHC,CPP,88.09%
AQIKIWFQNRRMKWKK,CPP,84.26%
AYLLGKINLKALAALAKKIL,CPP,54.85%
CGRKKRLLRQRLLRLLRPPQ,CPP,92.66%
YRDRFAFQPH,CPP,68.56%
GLKKLARLFHKLLKLGC,Non-CPP,64.03%
GRCTKSIPPICFPA,Non-CPP,59.36%
RQIKIW,CPP,86.13%
ACSGRGRGCGSGSGSCG,CPP,52.59%
LIIFRILISHR,CPP,86.65%
MAARLCCQLDPARDVLCLRP,CPP,55.63%
LIIFRILISHK,CPP,83.88%
CGRKKRAARQRRRPPQ,CPP,95.19%
WEAKLAKALAKALAKHLAKALAKALKACEA,Non-CPP,63.71%
WEAALAEALAEALAEHLAEALAEALEALAA,Non-CPP,73.95%
TPWWRLWTKWHHKRRDLPRKPEGC,CPP,88.09%
HIQLSPFSQSWR,CPP,71.5%
KLLAKAAKKWLLLALKAA,CPP,87.64%
KRVSRNKSEKKRR,CPP,86.95%
LLKKRKVVRLIKFLLK,CPP,55.37%
MGLGLHLLVLAAALQGAWSQPKKKRKV,CPP,53.18%
CGYGRKKRRQRRRGC,CPP,94.76%
MIIYRDLISKK,CPP,79.37%
EKGKKIFIMK,CPP,64.78%
RQIKIWFQARRMKWKK,CPP,93.84%
VNADIKATTVFGGKYVSLTTP,Non-CPP,92.02%
HFAAWGGWSLVH,Non-CPP,72.99%
GGVCPKILRRCRRDSDCPGACICRGNGYCGSGSD,Non-CPP,86.23%
FFFAAGRKRKKRT,CPP,88.32%
KMDCRWRWKCKK,CPP,81.68%
FLGKKFKKYFLQLLK,Non-CPP,75.73%
GWTLNSAGYLLGKINLKAPAALAKKIL,Non-CPP,68.26%
RLVMRVYSPTTRRYG,CPP,84.21%
PPHNRIQRRLNM,Non-CPP,52.6%
RKKRRQRRRPPQCAAVALLPAVLLALLAP,CPP,89.88%
FHFHFRFR,CPP,71.92%
GYGNCRHFKQKPRRD,CPP,69.1%
RQIKIWAQNRRMKWKK,CPP,91.3%
KLFMALVAFLRFLTIPPTAGILKRWGTI,Non-CPP,80.42%
CGGKDCERRFSRSDQLKRHQRRHTGVKPFQ,CPP,63.0%
KFHTFPQTAIGVGAP,Non-CPP,86.0%
KLLKLLLKLWKKLLKLLKGGGRRRRRRR,CPP,96.31%
AAVALLPAVLLALLAKKNNLKDCGLF,CPP,56.16%
SRRHHARSKAKRSRHH,CPP,89.11%
ACRRSRRGCGRRSRRCG,CPP,93.24%
GRRERNKMAAAKCRNRRR,CPP,88.45%
WELVVLGKYGRKKRRQRRR,CPP,89.98%
YRWRCKNQ,CPP,82.32%
YGRKKRPQRRR,CPP,94.12%
AEKVDPVKLNLTLSAAAEALTGLGDK,Non-CPP,92.83%
CWKKKKKKKKKKKKKKKKKK,CPP,85.77%
CGGGYGRKKRRQRRR,CPP,94.36%
GLWRALWRGLRSLWKLKRKV,CPP,90.28%
CRGDK,CPP,60.99%
KLGLKLGLKGLKGGLKLG,Non-CPP,86.59%
GRCTKSIPPICWPD,CPP,61.85%
RIFIGC,CPP,83.18%
KETWWETWWTEWSQPKKKRKV,Non-CPP,80.07%
NNNAAGRKRKKRT,CPP,84.44%
GRKKRRQRRRPPQ,CPP,96.29%
KCFQWQRNMRKVRGPPVSC,Non-CPP,75.78%
AKKAKAAKKAKAAKKAKAAKKAKAAKKAKA,CPP,88.05%
VQRKRQKLMP,CPP,84.75%
CELAGIGILTVRKKRRQRRR,Non-CPP,72.23%
NRRMKWKK,CPP,90.89%
MIIFRIAAYHKK,CPP,84.87%
GRKKRRQRRRPP,CPP,96.23%
RRVWRRYRRQRWCRR,CPP,96.98%
LLLRR,CPP,96.98%
FQFNFQFNGGGHRRRRRRR,CPP,85.09%
KKICTRKPRFMSAWAQ,CPP,79.89%
RHVYHVLLSQ,Non-CPP,70.8%
CSIPPEVKFNKPFVYLI,Non-CPP,87.53%
RRRRRRRRRGD,CPP,97.15%
KLLKLLLKLWKKLLKLLK,CPP,91.89%
RILQQLLFIHFRIGCRHSRI,CPP,86.82%
RRRRRRRGGIYLATALAKWALKQGF,Non-CPP,50.46%
LLIILRRAIRKQAHAHSK,CPP,87.01%
DAATARGRGRSAASRPTERPRAPARSASRPRRPVD,CPP,81.95%
YGRRRRRRRRR,CPP,96.36%
VKRFKKFFRKLKKLV,CPP,88.18%
KRIPNKKPGKKTTTKPTKKPTIKTTKKDLK,CPP,87.18%
PFVYLI,CPP,57.89%
QSPTDFTFPNPL,Non-CPP,90.43%
PNTRVRPDVSF,Non-CPP,52.13%
RQLRIAGRRLRGRSR,CPP,93.55%
PLSSIFSRIGDP,Non-CPP,76.13%
NRHFRFFFNFTNR,CPP,62.24%
YPRAARRAARR,CPP,96.68%
RAGLQFPVGRVHRLLRK,CPP,76.8%
KMDCRPRPKCCKK,CPP,50.21%
GLPRRRRRRRRR,CPP,97.55%
RKKRRRESRRARRSPRHL,CPP,97.63%
YGRKKKRRQRRR,CPP,96.0%
RLWMRWYSPTTARYG,CPP,80.59%
RRRRRRRRK,CPP,96.01%
CGRKKRLLRQRRRPPQ,CPP,95.8%
RWRRWRRWRRWR,CPP,83.4%
GGGGRRFWRRFRR,CPP,95.0%
EPDNWSLDFPRR,CPP,51.39%
GGGARKKAAKAARKKAAKAARKKAAKAARKKAAKA,CPP,74.55%
GGGGRRWWRRFRR,CPP,94.48%
RRIPNRRPRR,CPP,97.32%
MIIRRDLISE,Non-CPP,54.02%
QTRRRERRAEKQAQW,CPP,85.67%
WEYGRKKRRQRRR,CPP,95.48%
TRSSRAGLQWPVGRVHRLLRKGGC,CPP,74.81%
KLIKGRTPIKFGKADCDRPPKHSQNGM,Non-CPP,76.81%
GALFLGFLGAAGSTMGAWSQPKKKRKV,Non-CPP,91.15%
WRWKKKKA,CPP,88.76%
RRRRRRHHH,CPP,93.49%
MAIYRDLIS,CPP,66.43%
ELALELALEALEAALELA,Non-CPP,62.32%
GKRARNTEAARRSRARKL,CPP,91.35%
RRRQRRKRGGDIMGEWGNEIFGAIAGFLG,Non-CPP,85.77%
RGGRLAYLRRRWAVLGR,CPP,86.66%
CGRKKRRQRRWWRPPQ,CPP,96.64%
MIIYRDLAS,CPP,65.98%
GPFHFYQFLFPPV,Non-CPP,91.18%
KKAAQIRSQVMTHLRVI,CPP,71.89%
ACGRGRGRCGRGRGRCG,CPP,78.62%
RKKRRQRRR,CPP,94.62%
KLTRAQRRAAARKNKRNTRGC,CPP,84.3%
YARKARRAARR,CPP,97.08%
ARRRAARAARRRAARAARRRAARA,CPP,96.79%
LLHILRRSIRKQAHAIRK,CPP,89.23%
CRWRWKCSKK,CPP,84.26%
IIYRDLISH,CPP,72.4%
CRNGRGPDC,Non-CPP,80.76%
SWWTPWHVHSES,CPP,50.14%
ASMWERVKSIIKSSLAAASNI,Non-CPP,77.79%
HHHHHHHHHHHHRRRRRRRRRRRRRRR,CPP,89.14%
LCLRP,CPP,82.89%
KRRQRRR,CPP,90.71%
RVTSWLGRQLRIAGKRLEGRSK,CPP,86.07%
KNAWKHSSCHHRHQI,CPP,68.55%
KKKKKKGGFLGFWRGENGRKTRSAYERMCILKGK,Non-CPP,76.04%
WIIFRIAATHKK,CPP,88.46%
CNGRC,Non-CPP,53.41%
PIRRRKKLRRLK,CPP,98.1%
GKINLKALAALAKKIL,CPP,77.15%
QRIRKSKISRTL,CPP,89.61%
GGVCPKILKKCRRDSDCPGACICRGNGWCGSGSD,Non-CPP,88.18%
VRLPPPVRLPPP,CPP,80.11%
ACSSSPSKHCG,Non-CPP,83.51%
RLLRLLRRLLRLLRRLLRC,CPP,89.82%
TFPQTAIGVGAP,Non-CPP,88.26%
FQPYDHPAEVSY,Non-CPP,91.42%
QLPVM,CPP,51.12%
RHHRRHHRRHRRHHRRHHRHHR,CPP,90.35%
RKKWFW,CPP,85.72%
TKRRITPKDVIDV,CPP,72.5%
MIIYARRAEE,CPP,54.87%
KKWKMRRNQFWIKIQR,CPP,88.81%
GWTLNSAGYLLGKFLPLILRKIVTAL,Non-CPP,81.93%
RWRRWWRRW,CPP,83.49%
HYRIKPTFRRLKWKYKGKFA,CPP,91.24%
KALAALLKKLAKLLAALK,CPP,87.22%
RQIKIWFANRRMKWKK,CPP,92.56%
PSSSSSSRIGDP,CPP,58.76%
KMDCRWRWKCCKK,CPP,76.0%
GKKKRKLSNRESAKRSR,CPP,83.82%
VPTLK,CPP,73.47%
KLGVM,Non-CPP,74.55%
PPRLPRPRPRPLPFPRPG,Non-CPP,55.03%
YGRKKRRQRRRGTALDWSWLQTE,CPP,84.64%
RQIKIQFQNRRKWKK,CPP,91.97%
QWQRNMRKVRGPPVSCIKR,Non-CPP,62.67%
GGVCPKILRRCRRDSDCPGACICRGNGYCGSGSR,Non-CPP,81.49%
HRHIRRQSLIML,CPP,90.48%
IWFQNRRMKWKK,CPP,84.22%
RQIKIWFQNRRMKWKKRQIKIWFQNRRMKWK,CPP,90.84%
KETWWETWWTEWSQPGRKKRRQRRRPPQ,Non-CPP,65.87%
GWTLNSKINLKALAALAKKIL,CPP,51.48%
RPARPAR,CPP,94.33%
RQIKIWFQNRRMKWKKLRKKKKKH,CPP,94.01%
YSHIATLPFTPT,CPP,64.3%
QIKIWFQNRRMKWKK,CPP,84.81%
NYRWRCKN,CPP,79.73%
VHLPPPVHLPPPVHLPPP,Non-CPP,53.87%
ARRRRCSDRFRNCPADEALCGRRRR,CPP,89.61%
GWTLNSAGYLLGKLKALAALAKKIL,Non-CPP,56.51%
DRRRRGSRPSGAERRRR,CPP,94.31%
GKKKKRKREKL,CPP,87.24%
RTRRNRRRVR,CPP,97.03%
IPALK,CPP,79.26%
GRKKRRQRRRMVSAL,CPP,95.49%
LALALALALALALALAKLAKLAKLAKLAKLAKKIK,CPP,84.0%
FFLIPKGRRRRRRRRR,CPP,95.58%
CGRKKRWWRQRWWRWWRPPQ,CPP,89.54%
GGGGRRWFRRFRR,CPP,92.43%
RLWMRWYSPTARRYG,CPP,87.84%
RIKAERKRMRNRIAASKSRKRKLERIARGC,CPP,83.38%
LNVPPSWFLSQR,Non-CPP,82.24%
YGRGGRRGRRR,CPP,85.63%
RRRRRRRRC,CPP,96.67%
VRLPPPVRLPPPVRLPPP,CPP,80.18%
SRWRWKSCKK,CPP,84.86%
MIIFRDLISH,CPP,64.45%
KALAKALAKLWKALAKAA,CPP,85.29%
MIIYRDLI,CPP,74.39%
SARHHCRSKAKRSRHH,CPP,83.93%
WKCRRQCFRVLHHWN,CPP,86.75%
VRRFLVTLRIRRA,CPP,92.17%
GGRRARRRRRR,CPP,97.06%
GLWRALWRALRSLWKLKRKV,CPP,93.17%
CAYGGQQGGQGGG,Non-CPP,92.14%
GGVCPKILKKCRRDSDCPGACICRGNGYCGSGSD,Non-CPP,89.27%
RQIKIWFQNRRMKWKKTYADFIASGRTGRRNAI,CPP,86.79%
YGRKKRRQRRRGC,CPP,95.93%
FQWQRNMRKVRGPPVS,Non-CPP,72.5%
CRWRWKCCKK,CPP,80.33%
RKKRRQRRRGGG,CPP,96.5%
RGGRLSSYSRRRFSTSTGR,CPP,83.98%
KKALLAHALHLLALLALHLAHALKKA,CPP,81.47%
RQIKIWFQNRRMKWKK,CPP,90.93%
RILQQLLFIHFRIGCRH,CPP,83.81%
TKRRITPKDVIDVRSVTTKINT,CPP,79.18%
KTIEAHPPYYAS,Non-CPP,81.56%
VRLPPP,CPP,79.82%
RWRWKCCKK,CPP,81.91%
KCFMWQEMLNKAGVPKLRCARK,Non-CPP,69.99%
RQARRNRRRC,CPP,97.12%
ARCSDRFRNCPADEALCGR,CPP,57.53%
KMDCRWRPKCCKK,CPP,51.59%
WEARLARALARALARHLARALARA,CPP,86.05%
RRRRRR,CPP,94.05%
RHIKIWFQNRRMKWKK,CPP,88.69%
SMLKRNHSTSNR,CPP,69.28%
GLWRALWRALWRSLWKLKWKV,CPP,92.12%
RTLVNEYKNTLKFSK,CPP,58.05%
LKKLCKLLKKLCKLAG,CPP,86.46%
CSKSSDYQC,Non-CPP,89.95%
AKKRRQRRR,CPP,95.21%
RLHRRLHRRLHRLHR,CPP,89.15%
EEEAA,Non-CPP,53.06%
GKRKKKGKGLGKKRDPCLRKYK,CPP,73.28%
KKTTTKPTKK,CPP,89.63%
YKALRISRKLAK,CPP,92.23%
VPALR,CPP,80.55%
LLIILRRRIRKQAHAHSKNHQQQNPHQPPM,Non-CPP,54.66%
DELLDYYGESGS,Non-CPP,95.32%
RQIKIWFQNRRAKWKK,CPP,92.18%
VKRKKKPALWKTLLKKVLKA,CPP,91.91%
KSICKTIPSNKPKKK,CPP,72.43%
KDCRWRWKCCKK,CPP,79.57%
KMTRAQRRAAARRNRWTARGC,CPP,88.71%
FKKFRKF,CPP,84.4%
RKKRRQRAR,CPP,95.03%
GALFLGFLGAAGSTMGAWSQPKSKRKV,Non-CPP,92.74%
YTFGLKTSFNVQYTFGLKTSFNVQ,Non-CPP,92.52%
CELAGIGILTVKKKKKQKKK,Non-CPP,83.14%
AHALCLTERQIKIWFQNRRMKWKKEN,CPP,72.33%
KALAALLKKWAKLLAALK,CPP,87.57%
GLWWKAWWKAWWKSLWWRKRKRKA,CPP,90.91%
AKKKAAKAAKKKAAKAAKKKAAKAAKKKAAKA,CPP,87.78%
GLLEALAELLEGLRKRLRKFRNKIKEK,Non-CPP,74.03%
VVLGKLYGRKKRRQRRR,CPP,92.31%
LKRWGTIKKSKAINVLRGFRKEIGRMLNILNRRRR,CPP,55.78%
MIIFAIAASHKK,CPP,68.33%
AVPAENALNNPF,Non-CPP,57.16%
HATKSQNINF,Non-CPP,79.85%
FIRIGC,CPP,84.16%
KETWWETWWTEWSQPKKKRKVC,Non-CPP,82.06%
MDAQTRRRERRAEKQAQWKAANGC,CPP,69.6%
RGRGRGRGRG,CPP,82.14%
AYGRKKRRQRRR,CPP,96.02%
GGGGRRWFRRWRR,CPP,89.57%
CRKARYRGRKRQR,CPP,93.59%
GRKKRRQRARPPQC,CPP,94.05%
GLRKRLRKFRNKIKEK,CPP,56.08%
LKTLATALTKLAKTLTTL,CPP,81.82%
RKKRRQR,CPP,90.19%
NYTTYKSHFQDR,CPP,55.62%
YRWRCKNQN,CPP,71.63%
IPLVVPLRRRRRRRRC,CPP,53.59%
RGERGERRELRLERGELRC,CPP,64.2%
LDITPFLSLTLP,Non-CPP,80.59%
ACRGRRRGCGRRRGRCG,CPP,88.95%
GSGKKGGKKICQKY,CPP,71.04%
RQIKIWFQNRRMKWAK,CPP,86.31%
RILQQLLFIHFRIGC,CPP,81.43%
IPSRWKDQFWKRWHY,CPP,79.79%
YGRKKRRQRRRYGRKKRRQRRRYGRKKRRQRRR,CPP,96.11%
YGRKKRRQRRRQRRRPTAPLSPMSP,CPP,82.09%
RLLRLLRLL,CPP,85.27%
DRDDRDDRDDRDDRDDR,CPP,56.15%
MLLLTRRRST,CPP,90.47%
DITYRFRGPDWL,Non-CPP,72.22%
GAYDLRRRERQSRLRRRERQSR,CPP,91.65%
NHQQQNPHQPPMLLIILRRRIRKQAHAHSK,Non-CPP,54.59%
GLFKALLKLLKSLWKLLLKAGGC,CPP,72.18%
GLWRALWRALWRSLWKSKRKV,CPP,92.43%
YEREARRAARR,CPP,90.31%
TRRSKRRSHRKF,CPP,91.76%
YGRRARRAARR,CPP,96.32%
CGRKKRRQRRLLRPPQ,CPP,96.33%
RRRQKRIVVRRRLIR,CPP,97.76%
KKKEERADLIAYLKKA,CPP,59.35%
AEAEAEAEAKAKAKAK,Non-CPP,61.57%
GRKKRRQRRRPWQ,CPP,96.82%
KTVLLRKLLKLLVRKI,Non-CPP,61.86%
KWFKIQMQIRRWKNKR,CPP,90.13%
TPKTMTQTYDFS,CPP,50.91%
MIIYRDAIS,CPP,67.52%
HQHKPPPLTNNW,Non-CPP,83.39%
SNPWDSLLSVST,Non-CPP,82.26%
ACRGRGRRCGSGSRSCG,CPP,79.29%
PKKKRKVRRRRRRRYSQTSHKLVQLLTTAEQQ,CPP,90.06%
ACSHSGHGCGHGSHSCGRRRRRRRR,CPP,84.52%
RRRRRRR,CPP,95.26%
DFNKFHTFPQTAIGVGAP,Non-CPP,90.67%
RRRRRRRRRR,CPP,94.64%
WFQNRRMKWKK,CPP,84.85%
RVRVFVVHIPRLT,CPP,76.53%
KCRKKKRRQRRRKKPVVHLTLRQAGDDFSR,CPP,89.85%
KKDGKKRKRSRKESYSVYVYKVLKQ,CPP,70.85%
IWRYSLASQQ,CPP,78.56%
RRRRRRRRRC,CPP,97.01%
RRRRRRRGGIYLATALAKWALKQ,CPP,71.05%
GLKKLAELAHKLLKLGC,Non-CPP,78.26%
CRGDC,Non-CPP,51.99%
KLWSAWPSLWSSLWKP,CPP,78.76%
KCGCRWRWKCGCKK,CPP,81.47%
RIFIHFRIGC,CPP,86.3%
RLAMRWYSPTTRRYG,CPP,87.39%
KRIPNKKPGKKTTTKPTKKPTIKTTKK,CPP,88.56%
LIRLWSHLIHIWFQNRRLKWKKK,CPP,88.84%
CSSLDEPGRGGFSSESKV,Non-CPP,95.52%
GRKKRRQARAPPQC,CPP,93.45%
KRIPNKKPKK,CPP,91.97%
ACSGRGRGCGRGRGSCG,CPP,69.19%
WIIFRIAAYHKK,CPP,88.01%
CRGDKGPDC,Non-CPP,88.92%
SRRRRRRRRR,CPP,96.86%
RAWMRWYSPTTRRYG,CPP,87.04%
GWTLNPAGYLLGKINLKALAALAKKIL,Non-CPP,63.47%
EARPALLTSRLRFIPK,CPP,56.73%
RFTFHFRFEFTFHFEGGGRRRRRRR,CPP,82.87%
YGRKKRRQRRRC,CPP,95.84%
NYRRRCKNQN,CPP,74.39%
WELVYGRKKRRQRRR,CPP,94.95%
CGRKKRRQRLLRRPPQ,CPP,96.33%
MIIYRAEISH,CPP,54.9%
AYALCLTERQIKIWFANRRMKWKKEN,Non-CPP,53.7%
RLIMRIYSPTTRRYG,CPP,91.59%
MIIYRDLIS,CPP,70.3%
TVDNPASTTNKDKLFAVRK,Non-CPP,87.79%
LIIFRILISHHH,CPP,80.04%
KKWALLALALHHLAHLALHLALALKKAHHHHHH,CPP,75.95%
EEEEEEEEEEPLGLAGVSRRRRRRGGRRRR,Non-CPP,60.25%
RRQRRTSKLMKR,CPP,96.08%
RQIKIAFQNRRMKWKK,CPP,91.22%
KHKHKHKHKHKHKHKHKHKKLFKKILKYL,Non-CPP,51.07%
HEHEHEHEHE,Non-CPP,84.07%
RQIKIWFPNRRMKWKK,CPP,92.57%
WIIFKIAASHKK,CPP,78.49%
KWCFRVCYRGICYRRCRGK,Non-CPP,65.33%
ARRRCSDRFRNCPADEALCGRRR,CPP,82.5%
NYRWRCKNQN,CPP,67.24%
CGRKKRWWRQRRRPPQ,CPP,96.23%
AKVKDEPQRRSARLSAKPAPPKPEPKPKKAPAKK,Non-CPP,59.25%
LLIILRRRIRRRARARSR,CPP,97.47%
EEEAAGRKRKKRT,CPP,69.25%
TAKTRYKARRAELIAERRGC,CPP,82.98%
RRRERRAEK,CPP,92.63%
RKKRRRESRKKRRRES,CPP,93.96%
GIGKFLHSAKKWGKAFVGQIMNC,Non-CPP,88.15%
YGRKKRRQRRRYGRKKRRQRRR,CPP,95.96%
KLWMRWWSPTTRRYG,CPP,87.2%
SRRHHCRSKAKRARHH,CPP,90.75%
KLWMRWYSPTTRRYG,CPP,85.55%
WELVVLGYGRKKRRQRRR,CPP,89.05%
LGTYTQDFNKFHTFPQTAIGVGAP,Non-CPP,92.08%
SPMQKTMNLPPM,Non-CPP,80.25%
ACGRGRGRCRGRGRGCG,CPP,77.59%
WKARRQCFRVLHHWN,CPP,88.57%
VPTLE,Non-CPP,54.99%
GALFLGWLGAAGSTMGAPKSKRKVGGC,Non-CPP,89.58%
KMDCRWRWKKK,CPP,83.5%
WEAVVAYGRKKRRQRRR,CPP,92.96%
GRKKRRQRRRPPQY,CPP,96.12%
RRRRRRRRRGPGVTWTPQAWFQWV,CPP,89.67%
WELVVLGKLYGRKKRRQRRR,CPP,89.81%
RRMKWKK,CPP,93.36%
ARRRRCSGSGSGCGSGSGSCGRRRR,CPP,83.28%
CLLYWFRRRHRHHRRRHRRC,CPP,94.95%
KKPTIKTTKK,CPP,90.71%
GKKTNLFSALIKKKKTA,CPP,83.68%
GGVCPAILKKCRRDSDCPGACICRGNGYCGSGSD,Non-CPP,90.26%
YRRAARRAARA,CPP,96.46%
SWLPYPWHVPSS,CPP,59.74%
LKTLTETLKELTKTLTEL,Non-CPP,81.39%
WKQSHKKGGKKGSG,CPP,77.39%
KAFAKLAARLYRKALARQLGVAA,CPP,73.29%
MIIYRIAASHKK,CPP,85.07%
TRRQRTRRARRNRGC,CPP,96.34%
TKRRITPDDVIDVRSVTTEINT,Non-CPP,52.83%
RRIRPRPPRLPRPRP,CPP,96.29%
GRKKRRQRRRPPQRKC,CPP,93.95%
VSRRRRRRGGRRRR,CPP,97.21%
KFFKFFKFFK,CPP,55.48%
LLKTTELLKTTELLKTTE,CPP,59.58%
LIIFRILISH,CPP,83.22%
CRFRFKCCKK,Non-CPP,53.13%
CRQIKIWFPNRRMKWKKC,CPP,89.39%
GDVYADAAPDLFDFLDSSVTTARTINA,Non-CPP,90.55%
QNRRMKWKK,CPP,85.02%
ACSDRFRNCPADEALCG,Non-CPP,66.3%
RQPKIWFPNRRMPWKK,CPP,91.24%
TRRNKRNRIQEQLNRK,CPP,57.52%
LLKLLKKLLKLLKKLLKLL,CPP,90.9%
WIIFRALISHKK,CPP,83.73%
VKLPPPVKLPPP,CPP,71.2%
TSHTDAPPARSP,CPP,62.99%
GLKKLAELAHKLLKLG,Non-CPP,76.27%
AGYLLGKINLKALAALAKKILGGC,Non-CPP,73.89%
ACRGRGRGCGRGRGRCG,CPP,78.28%
ACRDRFRRCPADERLCG,CPP,72.76%
MDCRWRWKCCKK,CPP,73.49%
LLRHLRRHIRRARRHIRR,CPP,97.62%
YGRKKRRQRRRSVYDFFVWL,CPP,90.94%
KRPAATKKAGQAKKKKL,CPP,91.08%
ACRGRGRGCGSGSGSCG,CPP,58.28%
RNRSRHRR,CPP,91.37%
WELVVLYGRKKRRQRRR,CPP,93.45%
RLFMRFYSPTTRRYG,CPP,85.77%
RQIKIWFQ,CPP,83.81%
GKRKKKGKLGKKRPRSR,CPP,90.58%
GRQLRIAGKRLRGRSK,CPP,92.63%
LRHHLRHLLRHLRHLLRHLRHHLRHLLRH,CPP,88.7%
RKKRRQRR,CPP,92.75%
RRRRRRRRRRRRRRR,CPP,95.26%
SRRHHCRAKAKRSRHH,CPP,90.61%
YTQDFNKFHTFPQTAIGVGAP,Non-CPP,89.46%
LLIILRRRIRKAAHAHSK,CPP,92.75%
GLPVCGETCVGGTCNTPGCTCSWPKCTRN,Non-CPP,96.13%
KCFQWQRNMRKVRGPPVSCIKR,Non-CPP,63.61%
GRKKRRQRRRPPQTYADFIASGRTGRRNAI,CPP,91.28%
VKLPPPVKLPPPVKLPPP,CPP,71.14%
WKCRRQAFRVLHHWN,CPP,88.55%
GLKKLARLAHKLLKLGC,Non-CPP,62.68%
AKKRRQRRRAKKRRQRRR,CPP,96.04%
VKRFKKFFRKLKKSV,CPP,85.36%
NYRWRCKNQ,CPP,77.39%
GLFKALLKLLKSLWKLLLKA,CPP,79.28%
CHHEFRNVWVFLGEMPFILKGQWL,Non-CPP,92.84%
LFAKINGLKVGPLKIQIV,Non-CPP,89.98%
CRRALKETGLNRLVVAG,Non-CPP,81.23%
LIPFDFVRCLNLSYKTKAYDYPM,Non-CPP,81.87%
IPFVLNLDSPDSMYYGHDMFPNRMYRRLHS,Non-CPP,82.68%
LRFGLYL,Non-CPP,85.58%
WVSERQQEF,Non-CPP,53.25%
GTSNVHLARQLDLKPLGTMAHE,Non-CPP,91.26%
GIGGKPVQTAFVDNDGIYD,Non-CPP,92.58%
YRAMKDQKVNGAPMNKRDPCSGM,Non-CPP,85.24%
ADPTVTMTLA,Non-CPP,86.94%
YLCNYFTHDQ,Non-CPP,91.34%
PVMSMPCTDG,Non-CPP,91.48%
INGLPLS,Non-CPP,84.5%
LRHWTPAEIRIPIYVMIIASVVSAVQMLINAYAF,Non-CPP,76.39%
TRGSTDDISIVIIQLQQFSRMSREEDEKLLFP,Non-CPP,88.46%
TTHDDACIQYLMELNPDIV,Non-CPP,93.27%
AVLDFIKAAGKGLVTNIMEKVG,Non-CPP,91.54%
DWFNLIQYDMFWDLADCES,Non-CPP,92.6%
TGCRSVCSHVVRNGDITFILTSPLRS,Non-CPP,82.44%
FMVAPSMGAL,Non-CPP,90.32%
SANKSLGQFNLEGINPAPRGMPQIEVT,Non-CPP,94.38%
PDERRQLNKIFLWDFCNSDSI,Non-CPP,92.53%
ELARWFAPHIAQARTLYFCTGY,Non-CPP,81.36%
CRAWAATQDNKTIDNIKEEYCL,Non-CPP,88.33%
KTTLKLSLADENDFHLLNEQNQKIRIKSDT,Non-CPP,83.98%
IAYNEMLLANVMPDRPIPGDNYHTFN,Non-CPP,92.59%
STALLAVNTLMEPTYFLEPRQL,Non-CPP,52.39%
DCCHNTQLPFIYKTCPEGCNL,Non-CPP,95.06%
KFMAVNH,Non-CPP,73.27%
HADGRYTSDISSYLEGQAAKEFIAWLVNGR,Non-CPP,84.42%
AQMVSQVARQRADWEIVKKVQNGLGAEI,Non-CPP,89.08%
ETCMRINPASMSITKFTHESCSHYYE,Non-CPP,92.03%
LPYPVNCKTECECVMCGLGIICKQCYYQQ,Non-CPP,96.72%
KPKCGLCRYRCCSGGCSSGKCVNGACDCS,Non-CPP,93.74%
VCYDPEREGVYDESNIHELRTIKLNDLDIN,Non-CPP,94.53%
EEKMGFAKKCCAIGCSTEDFRMVC,Non-CPP,96.06%
PAKGSVGASGDLAPLAHLSLTL,Non-CPP,88.85%
VACKEYGQRIVLGLDARDGKVATDGWA,Non-CPP,88.75%
SRLPAGSDESWTQKLYQTLDKPPTNKVFS,Non-CPP,79.91%
PFFAFHDRDIAPEGSTLKETNQNLDIIVGMI,Non-CPP,93.48%
SIGNPHCVMLVEDVNTVDVSSIALRIQ,Non-CPP,95.1%
FWGHIWNAVKRVGANALHGAVTGALS,Non-CPP,86.3%
RMETSTVLKDLKPETEYVVNVYSVVEDEYSEP,Non-CPP,95.42%
AVINSKTGLWKVTRNLDDDD,Non-CPP,85.75%
VDKHCMGSWMSTCGNFEDNHTQEMG,Non-CPP,96.2%
SDRPTRAMDSPLIRF,Non-CPP,76.58%
VEKRGTKNWRPEYMHSATNMSVDAYT,Non-CPP,84.05%
HVRGVAMNPVDHPHGGGEGRT,Non-CPP,89.11%
MHQEYLQGLATNAGHPMSLTHHQWLPNPASDW,Non-CPP,89.47%
STEPRRLV,CPP,79.46%
DFFYAKLMVEEAFMLHWVKDM,Non-CPP,92.34%
VFGKHWAYMRNWGWHKHTGALANHVN,Non-CPP,85.08%
CNNKRFNECWPEDFWLGN,Non-CPP,91.62%
SEAAALPRASAAAMRAAWPSPSVERV,Non-CPP,76.49%
LVRPPQDSHPVEIMKKTLGNF,Non-CPP,86.82%
ALTSTAFSG,Non-CPP,70.68%
MASISDP,Non-CPP,88.15%
CMPTITRMPMPLR,Non-CPP,76.76%
IDIKCF,Non-CPP,59.28%
IVISKTDSNFDWWEGKLRGQTGIFP,Non-CPP,89.71%
CYVQLFTRDKAVTENKYNFKIVQWYPMV,Non-CPP,86.52%
VFMGMGEPLLNLKEVI,Non-CPP,94.79%
HSCKSQFSYIDRDMITGGT,Non-CPP,89.47%
EGGLSPIAIKKGQVVMYTILATHRDKDIYGE,Non-CPP,89.65%
RDSLQRGGQKILEKAERIGDRIKDIFRG,CPP,69.4%
GFLDKLKKGASDFANALVNSIKGT,Non-CPP,93.98%
AYGRAKNKPFESGVDSVGNARLRFSAKFYLVAMF,Non-CPP,79.08%
EVGRALANLTDATTIIGGGDSTAAAK,Non-CPP,83.49%
LLVGIHDVDR,Non-CPP,88.29%
FCPLLMSFLITQKTSETLTAVLAGGWLGLI,Non-CPP,95.46%
GLLSKVLGVGKKVLCGVSGLC,Non-CPP,91.36%
EENQFQSSKILGNPTAAPRKRGR,Non-CPP,71.43%
EFQEAHSMFVVH,Non-CPP,92.63%
PAETPNSLDLTFNRRIMDTI,Non-CPP,83.61%
QWGYGGMPYGGYGGMGGYGMGGYGMGY,Non-CPP,89.63%
ADDDIPFMSDYDETALVCDN,Non-CPP,94.6%
SQSGNPVMSTVAFLASVVDP,Non-CPP,95.4%
IMAFVYLRVFREAQKQVKK,Non-CPP,57.07%
SLSYEDKMFDNVEFTPRL,Non-CPP,92.41%
PEGHELCRPEAVEAEATLRAITIASA,Non-CPP,89.13%
MVRVAGIKAQVREGITERSPDGL,Non-CPP,90.72%
DITIKKAVELITSTATVKMEIKFTIKQVVA,Non-CPP,86.86%
TLPLIEQMMACRETMTSSE,Non-CPP,92.43%
QFSKQQSKS,Non-CPP,78.76%
DNLDLIVFKYQVNWYFSF,Non-CPP,89.97%
TLFVPQHILMTSAPNTITVLELERAPCSSDGPE,Non-CPP,94.07%
VGSPTVLFLAILKLWSIQVFIQVLSYKHV,Non-CPP,88.96%
IAINGVVRFVGAPSREELFEAINDEMEMVHAEA,Non-CPP,95.48%
FNCFLELPEVLHGKKFLKVDEATREDMLMS,Non-CPP,94.46%
PTRTYRGHNKKDKKIQKKMIM,CPP,80.11%
AYVNKIKRNKISLNHSSTHLLHYAINC,CPP,57.25%
GTTPGYSYSAANKNMAVIWGENTLYDYL,Non-CPP,92.63%
VLAMLSR,CPP,69.35%
DTEPFNIKREESPDCPDRLMHGRW,Non-CPP,85.17%
EVRAGDIAAAVGLKEATTGDTLCDPGKVII,Non-CPP,92.95%
SLDHLRREFAKETGIIPKGVYDFVWVVDW,Non-CPP,91.51%
LFGFLIKLIPSLFGALSNIGRNRNQ,Non-CPP,91.29%
YLQTYTMDEIPYLFEQMWAVKEGFHS,Non-CPP,94.67%
YGGFLRRQFKVVTRSQEDPNAYSGELFDA,Non-CPP,90.51%
GGVNLAQKFVKNNRCQQANVGTPQPGSHGSVRT,Non-CPP,90.54%
APNVGALHNVLGRLRTAGKYHWVKD,Non-CPP,79.87%
ILIISSMAAFAFSRFKFALNNLLYSL,Non-CPP,75.83%
MYKIQLLSCIALTLALVANGAPTSSSTGNT,Non-CPP,84.14%
VVDPGVIPRNLHQMPPVDPSQDPLAIGPPT,Non-CPP,92.65%
MITGAAQMDGAILVVSGADGP,Non-CPP,95.21%
NHDKSKNRKPKQTNST,Non-CPP,74.56%
VDATGDIDIDFHHTVEDIGIVLGQALKEALG,Non-CPP,96.15%
LSKFKDKIKISYEKEVKKEEMKYFKFLI,Non-CPP,87.4%
HINETEIMPLHIPMETRS,Non-CPP,89.63%
MWITNGGVANWYFVLAR,Non-CPP,81.19%
AKGQRVGIFSGSGVGKSTLLGMIAKN,Non-CPP,90.51%
QGVTYCYTWHGDFRNPCLFC,Non-CPP,92.21%
FSPTLYVDSWNPHHAPFFSAVG,Non-CPP,85.24%
GMDIRFHTL,Non-CPP,68.98%
DDAYFDSIECVGHCERLQMCIWSSWYYG,Non-CPP,93.52%
VVVDIATLT,Non-CPP,81.04%
VTRPRRRQSDGFPTCQGPRRE,Non-CPP,66.27%
TTITVVNKCSYTVWPGALPGGGVVLD,Non-CPP,92.41%
AWQCYKCRQDICWQSSKIN,Non-CPP,73.57%
RDRTGTGGGAPCKSESDGNPTTEDESSRSP,Non-CPP,93.7%
DDLGHKVEKLLFDLFSGKRSGSPDIDKKINQAC,Non-CPP,85.95%
YSYCILNSDNYYPWEGYQ,Non-CPP,89.91%
NSPLFGTDGIRGKAGELL,Non-CPP,94.1%
WTFQVCSMGAWYNLGINAAKVNAWLVL,Non-CPP,92.33%
PRRTNPDRDNKQPGWPGL,Non-CPP,83.31%
NLKDDSWWGT,Non-CPP,86.74%
WYVFADPVVAAGRDHCELSSDKWPSYN,Non-CPP,89.13%
LQPARTLAKKRVVVKRPDYAPPLAGLTT,Non-CPP,64.33%
AEALQQALEEQWAKKVRLAWRVRSD,CPP,50.06%
EGLLSEMLPQHAAKMNLML,Non-CPP,91.86%
NVPANEFLNLEGDKISTSRNWAVWLNEYLV,Non-CPP,91.26%
ACCMWVKEYMIHPYNELV,Non-CPP,93.9%
LPRVMCCPGVSLMRFMQ,Non-CPP,87.13%
FLIQMYMHSGLHDM,Non-CPP,91.68%
QDQSHAGGHVAHIM,Non-CPP,90.43%
FLGRVLPPTRATASTHRSRL,CPP,64.46%
HCHSMFQIALSSRVAEWDSTEKIGDLFVASFSKS,Non-CPP,89.24%
MESSRGPPRVKNKAPAPI,Non-CPP,81.21%
EALHLLSSMVQYMACVTPESFVWNDLS,Non-CPP,93.62%
AFNNRFQQYLILESGIMTISIFERFLESTVETE,Non-CPP,95.69%
AINPWSPKRS,CPP,78.94%
YKVDEDLQGAGGIQSRGYFFFRPRN,Non-CPP,92.01%
EQVEKCEQELAKSSGREETPVTPFEEST,Non-CPP,93.72%
GWKSVFRKAKKVGKTVGGLALDHYLG,Non-CPP,85.35%
DSEEAIRYRQEVYVRETSPLIEVYRERGLLVEV,Non-CPP,93.37%
DTNKSKVTVRIGAENPL,Non-CPP,92.91%
ARLRITLSATHDDDALDALL,Non-CPP,57.96%
RNFMSEVQTLIVRF,Non-CPP,62.24%
VMPVSLPALRERLDDIADLAPFL,Non-CPP,85.44%
FVAHMEKT,Non-CPP,89.65%
NPFKELERAGQRVRDAIIS,Non-CPP,81.6%
CCIMHWYYTIEVFQ,Non-CPP,90.83%
HIQLPCFTFMGSFQAYDHALRDRVIWT,Non-CPP,78.88%
SYCGHGIHKLFHTAPNVPHYAKNKAVGVM,Non-CPP,89.4%
DESHVTLPQVRGMYGG,Non-CPP,92.78%
VASDSEYSAECESLFHSTVVDTSEDEQSNYTTN,Non-CPP,96.84%
AKKELCTCQQPKHLKYIEKGLQKAKDYAT,Non-CPP,80.31%
FTELEPEDLLKFGLIPEFVGRLPV,Non-CPP,92.87%
VNMSSFFLMLVYYVTY,Non-CPP,90.35%
GAFGDLLKGVAKEAGLKLLNMAQCKLSGNC,Non-CPP,93.22%
AIGYLAARLAKLGVEDQLVRVGAVAGSTVV,Non-CPP,91.03%
NKIEITSIDECFIDATD,Non-CPP,93.11%
KRMWFVNFIRHKSCWMTIKYWSIMRIHNCR,Non-CPP,58.98%
FSGQFEKYYVPHVVE,Non-CPP,94.18%
CMEEPLLYECLIIPLGDFLL,Non-CPP,93.88%
PERGLWENIAYLDFRCHPADTKVIVKGKGV,Non-CPP,88.18%
GGAGEPLAFSPDMLSLRF,Non-CPP,93.84%
SFKMIF,Non-CPP,79.74%
GDFPEYNAFVSFVDSFLGFNSESRLQNFKLN,Non-CPP,96.61%
PSCVCSGFETSGIHFC,Non-CPP,95.21%
QPGSQAQTSSLPPTRDPARLVAWVLHRLEM,Non-CPP,77.98%
GLEESPGHPGQPGPPGPPGAPGP,Non-CPP,84.2%
IAFSMHPGCWGHYKFLTWLDHQYKIQLQT,Non-CPP,86.85%
MPPSGLRLLPLLLPLPWLLVLTP,Non-CPP,77.44%
VKLYSFNLGGLFFLCCTSLGVYTV,Non-CPP,95.79%
AIWQHLDLYSECKCGFSI,Non-CPP,93.87%
SLDELAAASAASTEAALDALLEQPPVEEAFV,Non-CPP,93.41%
TDTLKHFLKLEYEKGEKNMEIILLTDISNKGK,Non-CPP,91.35%
EFTHNHTVGDLTWD,Non-CPP,92.36%
IPDHAFAVKTLLEKLTSHEIIQSLDEIE,Non-CPP,91.15%
LDRQLSWNQTEWWRLCPFQ,CPP,68.09%
GAEAIAARV,Non-CPP,87.66%
ESIFGVKVDKVNIMNYKGKSKRVGRYTGMTSR,Non-CPP,82.05%
VPAKKDKYHGWWATFPSPSFVY,Non-CPP,74.19%
YWNVKTLDEKAGFPKEDYVKIGDCYCQ,Non-CPP,94.6%
LCSAMDYFIA,Non-CPP,88.27%
PDKMRWDKCRYYHDRYTTT,Non-CPP,66.68%
AAEFPDFYDSEEQMGPHQEA,Non-CPP,96.57%
SGDFLRNAKLSIMHTPSARPSKTDPLG,Non-CPP,88.53%
GFGSFLGKALKAALKIGANVLGGAPQQ,Non-CPP,94.76%
HFNLMNSRTIADNVAFPLKGLKSKQAIQKKV,Non-CPP,84.79%
TGQITNMPNVKWTCHWGGCWFHAMVALKFASL,Non-CPP,83.02%
EGVMDRIVSQLLAELDGMSGGDGGDG,Non-CPP,94.53%
MRERDAARRATVPEINLFKARRDVVPNGDYERD,Non-CPP,84.07%
LVTGGKESLYWRVVAADFVTTDSGSGLVHL,Non-CPP,86.55%
ILLILLCIATVFLSVGGTALYCT,Non-CPP,91.25%
LLMTVFKTAPLLIAALAASSCGGGGSG,Non-CPP,91.57%
GEQWEYNHVSAMFNM,Non-CPP,95.48%
TIGDAIEAIENGVPIDMVQIDLTRTW,Non-CPP,89.99%
PVADIKAIVTGKDCPHMKEKSA,Non-CPP,87.43%
AEVGTLITALGCGIGREEYNPDKLRYHKIV,Non-CPP,93.14%
YSQQPDF,Non-CPP,91.58%
KKHTLGEVWVQKTSEMNTD,Non-CPP,91.89%
IHNMNFSA,Non-CPP,88.96%
MCVNSDVNQWIDLRPPAMS,Non-CPP,92.37%
QSNHKSVAATSISTWGESGSSEI,Non-CPP,91.22%
LHEAVMLEIYRQALSASELTSPR,Non-CPP,51.24%
MLHGENHANIRWCYT,Non-CPP,85.65%
LPRHIRTHTGEKPYECNICKVRFTRQDKLKVH,Non-CPP,72.23%
QPWIFYVMKEWGVKSQAGESTLTEY,Non-CPP,91.2%
ALWKTLLKGAGKVFGHVAKQFLGSQGQPES,Non-CPP,90.44%
PARVRPGEIVSTAGEVLGRHDGVH,Non-CPP,90.17%
AIEWEGIESGSVEQA,Non-CPP,94.23%
KHELKQG,Non-CPP,84.94%
CPAEFKAVMM,Non-CPP,90.77%
GRVVELSQEHLPGIGGAVWSDSRCQLTVGD,Non-CPP,96.23%
MKVSAAALAVILIATALCA,Non-CPP,74.63%
KQEIKRHKLEQPSLLGQFKEADTAS,Non-CPP,86.81%
LETPAPQVPARRLLPP,Non-CPP,72.01%
GTLPCESCVWIPCISSVVGCSCKSKVCYKN,Non-CPP,94.13%
DADFALQLTDDGLQLQQLGDDVPGAVRV,Non-CPP,94.53%
CCNIEEKWFS,Non-CPP,90.87%
PVKVYPNGVQEETSEGFPLEF,Non-CPP,96.79%
MVGFPYWKAYDLVMWGLMRH,Non-CPP,87.92%
IVDNVQQGNRDYPAIEAQSSQ,Non-CPP,93.6%
DTVIMASVFVHPTAQDYNKIYRFN,Non-CPP,92.58%
EAQKTSPSLCPESQASGPPVLEPQGAG,Non-CPP,94.56%
VNEIIEAFRARFDARVELAETVQETENFLVNR,Non-CPP,94.14%
VIQQKTQFPIDKSPQQIPMMYGVEWPMWN,Non-CPP,88.74%
GYINASAEGVSIRTGLELSRDPAGRMK,Non-CPP,87.62%
VMMVEAGFGTHGCPLLQGTCDSHCRGMDA,Non-CPP,96.5%
TGWERFPSYVRDFGYSGGLQ,Non-CPP,91.24%
FLGALIKGAIHGGRFIHGMIQNHHG,Non-CPP,89.12%
NVEAAPGSSLMKQIVVNYVYTRLRKNLREEHKA,Non-CPP,85.6%
QGTTNIVCECCMKPCTLSELRQYCP,Non-CPP,93.91%
INVPLRDAKASSRKRRADTAVS,Non-CPP,67.06%
LFKEF,Non-CPP,85.9%
EIELIPCSRVGHIFRNDNPYSFPKDRMKTVER,Non-CPP,91.43%
SMMRGVYSWFGCQWHNML,Non-CPP,87.74%
VYCTMVMGQYLWKIAIPEKDSLFKSFLS,Non-CPP,88.23%
SDLTWTYQSPGDPTNSKN,Non-CPP,89.85%
PQDELVELLWRDGQVVLQSQ,Non-CPP,87.36%
SSPETLISDLLMRESTENVPRTRLEDPAMW,Non-CPP,90.6%
TRVSAMPNCA,Non-CPP,82.35%
ETMQGCIQFTWQQH,Non-CPP,92.62%
GYACNSRDKWCKVLLGKMKASMFLALAG,Non-CPP,88.4%
GVLSNVIGYLKKLGTGALNAVLKQ,Non-CPP,88.65%
GYATNLLTYANNIHTYEGGTHE,Non-CPP,90.27%
CNGIQWNPVPPVREHADPTGVPKNPRNWMQCG,Non-CPP,92.16%
DKFENMGAQMVKEVSSQTSD,Non-CPP,96.97%
NRRPWRMNDPMSWGHN,Non-CPP,65.63%
LLQPKKQ,CPP,82.99%
YRNITFAHERAGVKDKQVLDEIVETSLRQAALW,Non-CPP,85.73%
QLTLASLTETLKQVQTSQA,Non-CPP,86.31%
VMGNRSHVDQRPVKTTDTSSETQQYFRMAMISDIT,Non-CPP,90.46%
VPMVHNGYG,Non-CPP,92.42%
PYHRKWFLCYFLGGGAGWCWPQ,Non-CPP,87.89%
RWCKDGGVDNAQKKCVFMHYF,Non-CPP,88.7%
SWKSMAKKLKEYMEKLKQRA,Non-CPP,65.32%
DGNNLYC,Non-CPP,92.52%
GEIFVIIMVI,Non-CPP,55.06%
YGKPMEPEKIPDIIFIDGGRGQLSRAYNV,Non-CPP,87.02%
AYTWTGWDPCWSWHCHMRFLKEESHES,Non-CPP,90.02%
ESLYPGKGIKNAGREVEVIYV,Non-CPP,93.74%
SSASALGRRAGPLDGLIGEIDRALRVLSG,Non-CPP,86.19%
QVHIWRRSYDISPPDLDPQDPNSAHN,Non-CPP,72.1%
FSKEQVEDFVQRYQDIEKE,Non-CPP,95.03%
IKNLYLNHNRIESILPQQKSQ,Non-CPP,76.84%
PYMVCWTMGMPKYQSWPTKEMKSSRMLTSKPCFPN,Non-CPP,83.99%
YFKRYQVKFKRRREGKTDY,CPP,74.87%
KLPWTEFAESAEDGPTTRFCQKLAKNHDMVVVS,Non-CPP,94.24%
ISCQDVKQSLAPCLPYVTGRAPKPA,Non-CPP,76.68%
ARGGSSI,CPP,59.96%
ASEEKLEQVLSSMKEN,Non-CPP,93.34%
MHVERRECAYCLTINTTICAGYCMTR,Non-CPP,83.31%
PNEITIV,Non-CPP,86.18%
VFTFFLQLEGFTLGVKDILVTDVADRK,Non-CPP,94.22%
PGAGGFQISNPSAIDLACLCAALSVF,Non-CPP,94.8%
IEKEGFLDFDVAIATPDMMRIIGRLGKILGPRG,Non-CPP,90.63%
GNTAWNGNEAFLLVICIKYILDIIGYKNMSLSKE,Non-CPP,91.71%
GDKEGAEATI,Non-CPP,95.02%
GIGAILKVLATGLPTLISWIKNKRKQ,Non-CPP,77.94%
FFPLLFGALSSHLPKLF,Non-CPP,89.01%
NHKSLWSHDTQMCLDDTL,Non-CPP,87.65%
GLWSKIKDVAAAAGKAALGAVNEALGEQ,Non-CPP,93.39%
CHRRDSHKIDNYFKVLKCRLIHDSNC,Non-CPP,74.2%
QQSLCFRAFKDDKSIFVEA,Non-CPP,88.12%
WCPSDMMPAVYVNEGHESKDKNQQMCKAMWNSET,Non-CPP,95.93%
QWAQWPRPTPQIPP,Non-CPP,61.86%
MKELGNLKGS,Non-CPP,91.63%
HHSIAYKFRKKFVMTKIEDIFVTVGRTGLITY,Non-CPP,84.67%
IIKDRQYTAKADSVARRSCQTALYHIAEALV,Non-CPP,67.28%
LLTNAAESRGIPSIII,Non-CPP,85.46%
FFNDLVEFMTSGPVVVMVLEGENAVAKNRELM,Non-CPP,95.71%
NRWWQGVVPTVSYECRMNSWQHVFTCC,Non-CPP,92.58%
PTDHFIDVATYRSQEWRIAEYLG,Non-CPP,79.39%
ALHLIPSGILTPGVTNVIGNGVVVD,Non-CPP,93.34%
FEGYFTREYFFVQVEMPIY,Non-CPP,92.02%
YISPEVLKSQGGDGYYGRE,Non-CPP,90.21%
DLIYIDP,CPP,50.27%
NRVGDRIE,Non-CPP,72.39%
IRKFAQQIPVKEGTWQMICEM,Non-CPP,88.59%
CVADLLSKESGKKEITLLTTSGSLKSKILGNNLV,Non-CPP,88.28%
ANEQRKTIYKFRQELLNPEYDIASK,Non-CPP,83.89%
QRTIAMAKQMFRAL,CPP,60.95%
NTFTEALNPPFKEMLS,Non-CPP,90.68%
CGFVIATVWHQTYARDANREPSAA,Non-CPP,93.39%
FVESEPKL,Non-CPP,68.23%
GFDPLNSGIMHTVKNAAL,Non-CPP,95.16%
DNNEINLNIKVTDFGLAV,Non-CPP,95.52%
EEEESRPRKLCGRHLLIEVIKLCGQSDWS,Non-CPP,88.03%
VTMSTEEFFYDADTNTKLLPDWESLSHPSYIMY,Non-CPP,93.19%
AKASLGIR,Non-CPP,83.54%
PAEMPTINQLIAKPRVLQK,Non-CPP,75.72%
SLAFLRY,CPP,55.8%
KCWIEEYFALKQPE,Non-CPP,90.45%
RCVCRRGVCRCVCTRGFC,Non-CPP,88.32%
DLGADSLDTVELVMAFEEE,Non-CPP,96.24%
PTRKLLAKNLATLYSIGDTFTVF,Non-CPP,81.55%
PADWRGCKPSCPWGSSSWCNEECT,Non-CPP,85.39%
AWMQLACFADVDTRHGYMHLMEWDDVYHY,Non-CPP,90.44%
GGTYSCHFGPLTWVCKPQGG,Non-CPP,94.98%
TKGEVREAVDQVLETLDKGEARVAE,Non-CPP,93.52%
LLGKSFIGSLELFSLVNHLFNFFR,Non-CPP,85.59%
PCAKEVMGPLRWTRLSIRRYDEQFSS,Non-CPP,83.51%
WMNFSIFLQEMSLFKQQSPGKFCLLVCSVCTF,Non-CPP,95.96%
QYYKNPMVDFRQGI,Non-CPP,87.29%
GDRDGNPYVTAQVTKEVLDHGRWMALDLYGRDL,Non-CPP,83.46%
IMEDIIRIIQDGSLDGEKYFQSLKERQGKENAEI,Non-CPP,87.84%
SLPPKLEAYNLMKFTAVGSIRYCMTTS,Non-CPP,82.31%
QYLVGKFPP,Non-CPP,79.05%
VGYLSASIEWAWRTGDPEAWRKWWNDP,Non-CPP,51.13%
TPRKGFDG,Non-CPP,88.47%
YEESCPDIEWEQGYIK,Non-CPP,94.66%
YVNMCRCDRPHDSFCPTHWFARYLNRC,Non-CPP,85.09%
GNGVVLTLTHECNLATWTKKLKCC,Non-CPP,86.68%
LGQHPIPAELGRILVDKLGLDESAVPVLAA,Non-CPP,90.01%
QIGFLNVTCKKSINANAEESLEADY,Non-CPP,96.64%
REASPYL,Non-CPP,71.58%
HTSYMSCCTFLRSD,Non-CPP,89.69%
ADTIYPFTQAENVWLPNKNDIIEK,Non-CPP,90.71%
VRANRHMRLWNLFYSGKM,Non-CPP,67.54%
AWICGNMTCGHANMPYMAIYGFAVLSW,Non-CPP,92.53%
GLLSTAAGVQRASAKSTLAIV,Non-CPP,80.2%
TNAPSVVLGGLQGISDSHQYYWHEC,Non-CPP,96.46%
ALNSVAYERSVMQDYE,Non-CPP,92.87%
SQGQRISALRAIGASAPELPR,Non-CPP,70.92%
AGLGGGSSDAASTLLALNRLWKLKLS,Non-CPP,80.01%
LKKISQYYQKFAWPQYL,Non-CPP,62.82%
HEAHSTYWFHGKYCFN,Non-CPP,87.45%
SGKGSIQFAGQPLEAWSATKLALHRAYL,Non-CPP,81.82%
SPEALMKEMTQLEERGIPVRSRLLLSE,Non-CPP,90.27%
CALVVGG,Non-CPP,67.88%
ANRRKWEELHQKRLQVSAASPVPSSPSP,Non-CPP,61.67%
FSKYCNSSDIMDLFCIATGLPRNTT,Non-CPP,94.06%
GLVSSIGRALGGLLADVVKSKGQPA,Non-CPP,89.32%
QYAWESSAGGSFTVRTDTGEPMG,Non-CPP,94.75%
DNTVTSKPLNCMNYFWKSRTAC,Non-CPP,90.96%
HESRQHKPTTKQVQICIETEAYCECNPAGF,Non-CPP,95.25%
FDPFTFRYAIFFKNEQTWGIEVFYKSGQQDKSAH,Non-CPP,91.67%
SIIIVHNHPS,CPP,53.99%
VYCNVCFHMTRHGPLPVMSGGNM,Non-CPP,95.02%
EEDAAFILKWYSYEK,Non-CPP,90.76%
YEKALHSFIIHEDPSLNYISALKETAKE,Non-CPP,92.61%
VVKKLMTEFNYNSVMQVPRVEKITLN,Non-CPP,84.89%
SRLSELSKVQISELS,Non-CPP,78.39%
NAHFDLNFLNAAVTRTAYKRNPFHQFSVFDTVT,Non-CPP,89.53%
FQLNYKKFTSEMRAPKHDDSMKP,Non-CPP,83.23%
AIHYDSIHCVMQRAANEFLIDETDHGVDQNLQV,Non-CPP,96.22%
VYDEDGIAHALPESMLPLELPEVEDY,Non-CPP,96.67%
EVTMGEHPTAKIAMKDTNCPGLQPLFFPKNMD,Non-CPP,95.37%
TEKASRIGAAEKASRGDQES,Non-CPP,86.44%
LDAIDSRSQSKKLGKETPHDYLIT,Non-CPP,86.99%
EMGVTVAKEGIDTYSFKA,Non-CPP,95.18%
DGQVCKKEKQKSEDYEEN,Non-CPP,95.4%
GCCPFPACTHTIICRCC,Non-CPP,88.68%
SIGDSHIGILEQLKAW,Non-CPP,90.65%
EKEKEIYRTQLRNEGKPEHVIEKIIEGKLEKFY,Non-CPP,89.84%
IGSIDNEKNGVNKAYDLPFYC,Non-CPP,93.7%
EYLRSQNLALGGSVENAIVVDENRVLN,Non-CPP,93.38%
EDMAPAGAGALMAMLEKRRAAL,Non-CPP,82.75%
RERKVRGLQLRLLFLVGTASNP,Non-CPP,53.81%
ECGMAFENYDDIRPGDV,Non-CPP,96.42%
MMVIRSLSLIRLEGVEGR,Non-CPP,77.14%
FWSAFYVNLVQLCWKLGNEWATEA,Non-CPP,89.46%
PRAVHKPFIHYDKPMWYT,Non-CPP,69.15%
VTGPLIIAVNKTDRMDEKAELIPHLQW,Non-CPP,91.68%
LWGRTLLAIETDDLELVAREIDWVTKYVLIERFR,Non-CPP,83.6%
MRHLLGQSLTMYKVPELIFKRDQSV,Non-CPP,81.32%
NQRRCSVSVQLCMYYTLV,Non-CPP,81.43%
NRRVRCVGE,Non-CPP,52.67%
YFYSYKVVKGVKKYFSFSQSNGYK,Non-CPP,80.11%
TQYNNQPAADAFRKQLEKNGIASYLHY,Non-CPP,88.94%
QPFPQPQQPFPQSQ,Non-CPP,85.15%
NPVLAQGLEA,Non-CPP,86.95%
EGVEMVKKNLEKWL,Non-CPP,64.93%
SQNTYSFTYD,Non-CPP,85.38%
ELKRLKIEAVKPDLILALEKKEEL,Non-CPP,80.59%
QNMRNLKGFMCDEGEKFAADPTQSQCHDLTYFML,Non-CPP,94.59%
TVVRRRGRSPRRRTPSPRRRRSQSPRRRR,CPP,94.1%
NGVYCTKNKCTVDWAKATTCIAGMSIGGF,Non-CPP,94.41%
NKSMKTLRLNNVTLEMAAYQEESEPKR,Non-CPP,85.88%
EGHNLQEHSVVLIRGGRVKDLPGVRYHVVRGTL,Non-CPP,87.35%
MWHRNRGDGGRPETSSGRRRRLR,Non-CPP,55.86%
THIPNAWQEPQVVYKMKLRNVSKNN,Non-CPP,84.3%
IHWIRSKVWLKH,CPP,80.42%
TGIEDKEAWHGKPLPKNMAE,Non-CPP,94.14%
NAGSPQMLDQVGRAAPGHPVWI,Non-CPP,87.87%
SNFLRGKLKLYTGEACRRGDRMQFASFI,Non-CPP,76.73%
DAHAEPV,Non-CPP,93.99%
VSVYVFVFIDWHIRPKCHSCQIFQCIWRN,Non-CPP,77.38%
TNFYLMVPMYFTSSDCNLQ,Non-CPP,93.45%
DHRYNFQNHMHSDFAYMY,Non-CPP,87.88%
IRGQQQLRRPLVGDAGEGAG,Non-CPP,87.67%
WQLWQQVRPNNHSHLHAISVEKFPLSKADLIRA,Non-CPP,83.5%
CLGSGEQCVRDTSCCSMSCTNNICF,Non-CPP,97.02%
STNQAWELQNSMWEWSELMHCG,Non-CPP,92.54%
KCVINNEHDCNYELLR,Non-CPP,95.32%
HEKGQPVLVGTVAVETSEYLS,Non-CPP,94.8%
QKHVEDTFVTFSPTDKFYKKR,Non-CPP,76.71%
NVPRMYYFQYYGLKTCTWAA,Non-CPP,80.93%
CEYLSNVVTDGNVIKHDASIDEDSAVEIVRVEL,Non-CPP,95.85%
FLPVLAGIAAKVVPALFCKITKKC,Non-CPP,88.59%
RKFHEKHHSHRGYRSNYLYDN,Non-CPP,75.03%
DVDFNSESTRRKNKQKEIVDLHNSLKKTV,Non-CPP,90.89%
GNINGMGCWN,Non-CPP,91.1%
KLLTKTL,CPP,86.36%
DTNFPICLFCCKCCKNSSCGLCCIT,Non-CPP,95.88%
YQDIRGPTKMEITNNCHLHKCSPKTH,Non-CPP,86.35%
SPLVEKQSVPAKEEEMQQPESTE,Non-CPP,94.96%
HTFISSLE,Non-CPP,88.58%
GSSSMATVCGSSLALMHAGVP,Non-CPP,93.2%
ARETLADDPRCTVLGAELAELPRLLAEQGLA,Non-CPP,93.16%
MRTWACLLLLGCGYLAFALAV,Non-CPP,75.27%
CLAYVWATPYTSNTESRRGNSSDHKQ,Non-CPP,59.8%
FLPKMSTKLRVPYRRGTKDYH,Non-CPP,70.58%
GFGMLFKFLAKKVAKKLVSHVAQKQLE,Non-CPP,88.57%
TQELMDEIH,Non-CPP,93.63%
DCSTFLRTSETGIVDQVMVTLNQEGYKFCKIRVR,Non-CPP,95.7%
GASEHTHGRLCEAVGLSGGVLSQTLARIM,Non-CPP,88.9%
AALEYGLIDTVLSPRGMAVKRAP,Non-CPP,88.76%
GRSYN,CPP,69.19%
PRKQRRERTTFTRAQLDILEALFAKTRYPDIFMR,CPP,57.19%
QQTTALPTWGLAPSGKGRGLQHPPPVGSQE,Non-CPP,86.78%
KLFNGNEVCLDPKEKWVQKVVQIFLK,Non-CPP,91.88%
PTTPSTPAKSAQSSKHARRPSKQASAPSSPGTTS,Non-CPP,72.84%
LRYLVSFREH,CPP,60.75%
WLQQYSEDKDCAIHFTSC,Non-CPP,92.69%
LSITEWRPVTGAVPPMSEAEWQ,Non-CPP,64.2%
FGEFGVDTQTCTWQFTR,Non-CPP,90.35%
SHRSEIFGTCGEEQKT,Non-CPP,92.67%
NGARVSDMFRPSGDDFGDYSANWGDF,Non-CPP,93.33%
GALSEKERKLYDLIAKR,Non-CPP,78.51%
GSHGVEQQQ,Non-CPP,95.57%
SDLLFYEGLHGAVVTDKVNVAQYA,Non-CPP,95.15%
EKLLGQLRTDLTMNKIIVGLSGGVDSSTAAAILH,Non-CPP,89.82%
IVQQCTSGICSLYQENYCN,Non-CPP,95.82%
PATRTLISYVLKFQILKA,CPP,72.32%
NKKNPRFKQRQGMRSRSSS,CPP,78.2%
FEVLMQFLYTDKIKYPRKGHV,Non-CPP,87.17%
GGYRPQFYFRTTDVTGIIQLPEGVEMVMPGDN,Non-CPP,94.81%
ACYMEEMRNVELVEGEEGRMCVNMEWGAFGD,Non-CPP,95.91%
GIGWARCLMMHHANHCTKHAH,Non-CPP,84.56%
LAFNKKMSTR,CPP,67.57%
LHKWDVQGYNDP,Non-CPP,88.27%
ESCTLFEEMFVPFPMRSQRNQAG,Non-CPP,92.49%
LNGQRKNSRDRNSKRQTELEQPKPRTDSKNENH,Non-CPP,68.58%
YDEALGRLESPRHRGSSPRRVLDVEVYSSRSKV,Non-CPP,78.82%
LLVQYILPLVCLTVSHTS,Non-CPP,91.09%
FEVLTKVLQEEPPLLPGHM,Non-CPP,94.38%
SCMNTWLQMQSGNQHYIGRMVDYLYYDNSMRND,Non-CPP,89.07%
FIMATPNPIFGKHQYMSEMPPETH,Non-CPP,93.66%
RCTCTTIISSSSTF,CPP,61.98%
ARAVLYLAQGTFGECDSEVDVLHWSRYN,Non-CPP,94.15%
RWAGRFENIEWAQPEH,Non-CPP,82.95%
RPWCHPINAILAVEKVVCTYRDVRFESIRL,Non-CPP,79.25%
EVNYADIAKGYELPDGET,Non-CPP,95.85%
EVLQDSLDRCYSTQSMYFELPDSFQHYR,Non-CPP,90.57%
KSGQYFLPQFNTRKISIENY,Non-CPP,87.5%
CCGPEVCFDCELDKDPLCCSGAKW,Non-CPP,97.09%
MTILQFGNGIRRLMNRRDFQG,Non-CPP,78.67%
NWTPQAMLYLKGAQ,Non-CPP,81.26%
ENRQSIWVTIMEARKNKATLHDYMSVPQW,Non-CPP,83.46%
TYIMPMEDKTTCCGPM,Non-CPP,91.21%
YAAMVVKVIAQHQN,Non-CPP,58.13%
LSELEQMWLTELPAVTSREM,Non-CPP,75.47%
IIDYYDEGEEDRDVGVVDAR,Non-CPP,94.02%
RLGTRCSVCMLHAWQGGKQVDE,Non-CPP,91.34%
CAQAEYSRIWYDTLIE,Non-CPP,82.32%
GTSNEEAGLPQRRPLRQSSKQVKARLPIDSKGG,Non-CPP,85.07%
AKEVKPDDEEVLLKAAMTAIT,Non-CPP,91.42%
KIYGFLCVCSMCSSCTKPYAYEKHGLRP,Non-CPP,94.9%
GFFTLIKAANKLINKTVNKEAGKGGLEIMA,Non-CPP,93.96%
TIQDLYHQLQAVAPYASQPVIRPVEGSKPLIK,Non-CPP,85.14%
QYCTPNRDYQNTDAT,Non-CPP,85.36%
KLIWVWAYDIWPPREPMKSFAPMCLD,Non-CPP,79.86%
FFGHLYRGITSVVKHVHGLLSG,Non-CPP,92.16%
HAAQNKYPASWKWVRHWNQVEVVHI,Non-CPP,62.15%
THGSALFT,CPP,56.19%
