CPP,Sequence
True,GNYAHRVGAGAPVWL
True,KKKKKKNKKLQQRGD
True,CGRKKRAARQRAARAARPPQ
True,RRRRRRRGGKLAKLAKKLAKLAK
True,MIIYRDKKSH
True,RRLRHLRHHYRRRWHRFR
True,SRAHHCRSKAKRSRHH
True,CVQWSLLRGYQPC
True,PPRLRKRRQLNM
True,IPMIK
True,IYLATALAKWALKQGFGGRRRRRRR
True,RKKRAQRRR
True,YRQSHRRGGRRGSG
True,WLRRIKAWLRRIKALNRQLGVAA
True,GKKKKKKKKK
True,RVIRWFQNKRSKDKK
True,CRWRWKSSKK
True,TKAARITPKDVIDVRSVTTEINT
True,PRPLPFPRPG
True,AGYLLGKTNLKALAALAKKIL
True,MANLGCWMLVLFVATWSDLGLCKKRPKP
True,GRGDSPRRSPRR
True,RVRSWLGRQLRIAGKRLEGRSK
True,AGYLLGKLKALAALAKKIL
True,GRKKRRQRRRPPQC
True,AGYLLGKINLKALAALAKKIL
True,RGPRRQPRRHRRPRR
True,AYRIKPTFRRLKWKYKGKFW
True,CRFRWKCCKK
True,ACRDRFRNCPADEALCG
True,RVIRWFQNKRCKDKK
True,VKRGLKLRHVRPRVTRMDV
True,KMDCRWRWKSCKK
True,KLALKLALKALKAALKLAGC
True,GRQLRRAGRRLRRRSR
True,AAVALLPAVLLALLAPVQRKRQKLMP
True,CRQIKIWFQNRRMKWKK
True,RRRRRRRRRRRRRRRRGC
True,ALIILRRRIRKQAHAHSK
True,WRFKWRFKWRFK
True,LLAILRRRIRKQAHAHSK
True,GRKKRRQRRR
True,RLWRALPRVLRRLLRP
True,ESGGGGSPGRRRRRRRRRRR
True,IGCRH
True,GLGDKFGESIVNANTVLDDLNSRMPQSRHDIQQL
True,KHKLLHLLHLLALLWLHLLHLLKHK
True,SHAFTWPTYLQL
True,VLGQSGYLMPMR
True,CIGAVLKVLTTGLPALISWIKRKRQQ
True,GTKMIFVGIKKKEERADLIAYLKKA
True,RKKRRRESRKKRRRESC
True,LGLLLRHLRHHSNLLANI
True,RQIKIFFQNRRMKWKK
True,CHHRRRRHHC
True,AQIKIWFQNRRMKWKK
True,AYLLGKINLKALAALAKKIL
True,CGRKKRLLRQRLLRLLRPPQ
True,YRDRFAFQPH
True,GLKKLARLFHKLLKLGC
True,GRCTKSIPPICFPA
True,RQIKIW
True,ACSGRGRGCGSGSGSCG
True,LIIFRILISHR
True,MAARLCCQLDPARDVLCLRP
True,LIIFRILISHK
True,CGRKKRAARQRRRPPQ
True,WEAKLAKALAKALAKHLAKALAKALKACEA
True,WEAALAEALAEALAEHLAEALAEALEALAA
True,TPWWRLWTKWHHKRRDLPRKPEGC
True,HIQLSPFSQSWR
True,KLLAKAAKKWLLLALKAA
True,KRVSRNKSEKKRR
True,LLKKRKVVRLIKFLLK
True,MGLGLHLLVLAAALQGAWSQPKKKRKV
True,CGYGRKKRRQRRRGC
True,MIIYRDLISKK
True,EKGKKIFIMK
True,RQIKIWFQARRMKWKK
True,VNADIKATTVFGGKYVSLTTP
True,HFAAWGGWSLVH
True,GGVCPKILRRCRRDSDCPGACICRGNGYCGSGSD
True,FFFAAGRKRKKRT
True,KMDCRWRWKCKK
True,FLGKKFKKYFLQLLK
True,GWTLNSAGYLLGKINLKAPAALAKKIL
True,RLVMRVYSPTTRRYG
True,PPHNRIQRRLNM
True,RKKRRQRRRPPQCAAVALLPAVLLALLAP
True,FHFHFRFR
True,GYGNCRHFKQKPRRD
True,RQIKIWAQNRRMKWKK
True,KLFMALVAFLRFLTIPPTAGILKRWGTI
True,CGGKDCERRFSRSDQLKRHQRRHTGVKPFQ
True,KFHTFPQTAIGVGAP
True,KLLKLLLKLWKKLLKLLKGGGRRRRRRR
True,AAVALLPAVLLALLAKKNNLKDCGLF
True,SRRHHARSKAKRSRHH
True,ACRRSRRGCGRRSRRCG
True,GRRERNKMAAAKCRNRRR
True,WELVVLGKYGRKKRRQRRR
True,YRWRCKNQ
True,YGRKKRPQRRR
True,AEKVDPVKLNLTLSAAAEALTGLGDK
True,CWKKKKKKKKKKKKKKKKKK
True,CGGGYGRKKRRQRRR
True,GLWRALWRGLRSLWKLKRKV
True,CRGDK
True,KLGLKLGLKGLKGGLKLG
True,GRCTKSIPPICWPD
True,RIFIGC
True,KETWWETWWTEWSQPKKKRKV
True,NNNAAGRKRKKRT
True,GRKKRRQRRRPPQ
True,KCFQWQRNMRKVRGPPVSC
True,AKKAKAAKKAKAAKKAKAAKKAKAAKKAKA
True,VQRKRQKLMP
True,CELAGIGILTVRKKRRQRRR
True,NRRMKWKK
True,MIIFRIAAYHKK
True,GRKKRRQRRRPP
True,RRVWRRYRRQRWCRR
True,LLLRR
True,FQFNFQFNGGGHRRRRRRR
True,KKICTRKPRFMSAWAQ
True,RHVYHVLLSQ
True,CSIPPEVKFNKPFVYLI
True,RRRRRRRRRGD
True,KLLKLLLKLWKKLLKLLK
True,RILQQLLFIHFRIGCRHSRI
True,RRRRRRRGGIYLATALAKWALKQGF
True,LLIILRRAIRKQAHAHSK
True,DAATARGRGRSAASRPTERPRAPARSASRPRRPVD
True,YGRRRRRRRRR
True,VKRFKKFFRKLKKLV
True,KRIPNKKPGKKTTTKPTKKPTIKTTKKDLK
True,PFVYLI
True,QSPTDFTFPNPL
True,PNTRVRPDVSF
True,RQLRIAGRRLRGRSR
True,PLSSIFSRIGDP
True,NRHFRFFFNFTNR
True,YPRAARRAARR
True,RAGLQFPVGRVHRLLRK
True,KMDCRPRPKCCKK
True,GLPRRRRRRRRR
True,RKKRRRESRRARRSPRHL
True,YGRKKKRRQRRR
True,RLWMRWYSPTTARYG
True,RRRRRRRRK
True,CGRKKRLLRQRRRPPQ
True,RWRRWRRWRRWR
True,GGGGRRFWRRFRR
True,EPDNWSLDFPRR
True,GGGARKKAAKAARKKAAKAARKKAAKAARKKAAKA
True,GGGGRRWWRRFRR
True,RRIPNRRPRR
True,MIIRRDLISE
True,QTRRRERRAEKQAQW
True,WEYGRKKRRQRRR
True,TRSSRAGLQWPVGRVHRLLRKGGC
True,KLIKGRTPIKFGKADCDRPPKHSQNGM
True,GALFLGFLGAAGSTMGAWSQPKKKRKV
True,WRWKKKKA
True,RRRRRRHHH
True,MAIYRDLIS
True,ELALELALEALEAALELA
True,GKRARNTEAARRSRARKL
True,RRRQRRKRGGDIMGEWGNEIFGAIAGFLG
True,RGGRLAYLRRRWAVLGR
True,CGRKKRRQRRWWRPPQ
True,MIIYRDLAS
True,GPFHFYQFLFPPV
True,KKAAQIRSQVMTHLRVI
True,ACGRGRGRCGRGRGRCG
True,RKKRRQRRR
True,KLTRAQRRAAARKNKRNTRGC
True,YARKARRAARR
True,ARRRAARAARRRAARAARRRAARA
True,LLHILRRSIRKQAHAIRK
True,CRWRWKCSKK
True,IIYRDLISH
True,CRNGRGPDC
True,SWWTPWHVHSES
True,ASMWERVKSIIKSSLAAASNI
True,HHHHHHHHHHHHRRRRRRRRRRRRRRR
True,LCLRP
True,KRRQRRR
True,RVTSWLGRQLRIAGKRLEGRSK
True,KNAWKHSSCHHRHQI
True,KKKKKKGGFLGFWRGENGRKTRSAYERMCILKGK
True,WIIFRIAATHKK
True,CNGRC
True,PIRRRKKLRRLK
True,GKINLKALAALAKKIL
True,QRIRKSKISRTL
True,GGVCPKILKKCRRDSDCPGACICRGNGWCGSGSD
True,VRLPPPVRLPPP
True,ACSSSPSKHCG
True,RLLRLLRRLLRLLRRLLRC
True,TFPQTAIGVGAP
True,FQPYDHPAEVSY
True,QLPVM
True,RHHRRHHRRHRRHHRRHHRHHR
True,RKKWFW
True,TKRRITPKDVIDV
True,MIIYARRAEE
True,KKWKMRRNQFWIKIQR
True,GWTLNSAGYLLGKFLPLILRKIVTAL
True,RWRRWWRRW
True,HYRIKPTFRRLKWKYKGKFA
True,KALAALLKKLAKLLAALK
True,RQIKIWFANRRMKWKK
True,PSSSSSSRIGDP
True,KMDCRWRWKCCKK
True,GKKKRKLSNRESAKRSR
True,VPTLK
True,KLGVM
True,PPRLPRPRPRPLPFPRPG
True,YGRKKRRQRRRGTALDWSWLQTE
True,RQIKIQFQNRRKWKK
True,QWQRNMRKVRGPPVSCIKR
True,GGVCPKILRRCRRDSDCPGACICRGNGYCGSGSR
True,HRHIRRQSLIML
True,IWFQNRRMKWKK
True,RQIKIWFQNRRMKWKKRQIKIWFQNRRMKWK
True,KETWWETWWTEWSQPGRKKRRQRRRPPQ
True,GWTLNSKINLKALAALAKKIL
True,RPARPAR
True,RQIKIWFQNRRMKWKKLRKKKKKH
True,YSHIATLPFTPT
True,QIKIWFQNRRMKWKK
True,NYRWRCKN
True,VHLPPPVHLPPPVHLPPP
True,ARRRRCSDRFRNCPADEALCGRRRR
True,GWTLNSAGYLLGKLKALAALAKKIL
True,DRRRRGSRPSGAERRRR
True,GKKKKRKREKL
True,RTRRNRRRVR
True,IPALK
True,GRKKRRQRRRMVSAL
True,LALALALALALALALAKLAKLAKLAKLAKLAKKIK
True,FFLIPKGRRRRRRRRR
True,CGRKKRWWRQRWWRWWRPPQ
True,GGGGRRWFRRFRR
True,RLWMRWYSPTARRYG
True,RIKAERKRMRNRIAASKSRKRKLERIARGC
True,LNVPPSWFLSQR
True,YGRGGRRGRRR
True,RRRRRRRRC
True,VRLPPPVRLPPPVRLPPP
True,SRWRWKSCKK
True,MIIFRDLISH
True,KALAKALAKLWKALAKAA
True,MIIYRDLI
True,SARHHCRSKAKRSRHH
True,WKCRRQCFRVLHHWN
True,VRRFLVTLRIRRA
True,GGRRARRRRRR
True,GLWRALWRALRSLWKLKRKV
True,CAYGGQQGGQGGG
True,GGVCPKILKKCRRDSDCPGACICRGNGYCGSGSD
True,RQIKIWFQNRRMKWKKTYADFIASGRTGRRNAI
True,YGRKKRRQRRRGC
True,FQWQRNMRKVRGPPVS
True,CRWRWKCCKK
True,RKKRRQRRRGGG
True,RGGRLSSYSRRRFSTSTGR
True,KKALLAHALHLLALLALHLAHALKKA
True,RQIKIWFQNRRMKWKK
True,RILQQLLFIHFRIGCRH
True,TKRRITPKDVIDVRSVTTKINT
True,KTIEAHPPYYAS
True,VRLPPP
True,RWRWKCCKK
True,KCFMWQEMLNKAGVPKLRCARK
True,RQARRNRRRC
True,ARCSDRFRNCPADEALCGR
True,KMDCRWRPKCCKK
True,WEARLARALARALARHLARALARA
True,RRRRRR
True,RHIKIWFQNRRMKWKK
True,SMLKRNHSTSNR
True,GLWRALWRALWRSLWKLKWKV
True,RTLVNEYKNTLKFSK
True,LKKLCKLLKKLCKLAG
True,CSKSSDYQC
True,AKKRRQRRR
True,RLHRRLHRRLHRLHR
True,EEEAA
True,GKRKKKGKGLGKKRDPCLRKYK
True,KKTTTKPTKK
True,YKALRISRKLAK
True,VPALR
True,LLIILRRRIRKQAHAHSKNHQQQNPHQPPM
True,DELLDYYGESGS
True,RQIKIWFQNRRAKWKK
True,VKRKKKPALWKTLLKKVLKA
True,KSICKTIPSNKPKKK
True,KDCRWRWKCCKK
True,KMTRAQRRAAARRNRWTARGC
True,FKKFRKF
True,RKKRRQRAR
True,GALFLGFLGAAGSTMGAWSQPKSKRKV
True,YTFGLKTSFNVQYTFGLKTSFNVQ
True,CELAGIGILTVKKKKKQKKK
True,AHALCLTERQIKIWFQNRRMKWKKEN
True,KALAALLKKWAKLLAALK
True,GLWWKAWWKAWWKSLWWRKRKRKA
True,AKKKAAKAAKKKAAKAAKKKAAKAAKKKAAKA
True,GLLEALAELLEGLRKRLRKFRNKIKEK
True,VVLGKLYGRKKRRQRRR
True,LKRWGTIKKSKAINVLRGFRKEIGRMLNILNRRRR
True,MIIFAIAASHKK
True,AVPAENALNNPF
True,HATKSQNINF
True,FIRIGC
True,KETWWETWWTEWSQPKKKRKVC
True,MDAQTRRRERRAEKQAQWKAANGC
True,RGRGRGRGRG
True,AYGRKKRRQRRR
True,GGGGRRWFRRWRR
True,CRKARYRGRKRQR
True,GRKKRRQRARPPQC
True,GLRKRLRKFRNKIKEK
True,LKTLATALTKLAKTLTTL
True,RKKRRQR
True,NYTTYKSHFQDR
True,YRWRCKNQN
True,IPLVVPLRRRRRRRRC
True,RGERGERRELRLERGELRC
True,LDITPFLSLTLP
True,ACRGRRRGCGRRRGRCG
True,GSGKKGGKKICQKY
True,RQIKIWFQNRRMKWAK
True,RILQQLLFIHFRIGC
True,IPSRWKDQFWKRWHY
True,YGRKKRRQRRRYGRKKRRQRRRYGRKKRRQRRR
True,YGRKKRRQRRRQRRRPTAPLSPMSP
True,RLLRLLRLL
True,DRDDRDDRDDRDDRDDR
True,MLLLTRRRST
True,DITYRFRGPDWL
True,GAYDLRRRERQSRLRRRERQSR
True,NHQQQNPHQPPMLLIILRRRIRKQAHAHSK
True,GLFKALLKLLKSLWKLLLKAGGC
True,GLWRALWRALWRSLWKSKRKV
True,YEREARRAARR
True,TRRSKRRSHRKF
True,YGRRARRAARR
True,CGRKKRRQRRLLRPPQ
True,RRRQKRIVVRRRLIR
True,KKKEERADLIAYLKKA
True,AEAEAEAEAKAKAKAK
True,GRKKRRQRRRPWQ
True,KTVLLRKLLKLLVRKI
True,KWFKIQMQIRRWKNKR
True,TPKTMTQTYDFS
True,MIIYRDAIS
True,HQHKPPPLTNNW
True,SNPWDSLLSVST
True,ACRGRGRRCGSGSRSCG
True,PKKKRKVRRRRRRRYSQTSHKLVQLLTTAEQQ
True,ACSHSGHGCGHGSHSCGRRRRRRRR
True,RRRRRRR
True,DFNKFHTFPQTAIGVGAP
True,RRRRRRRRRR
True,WFQNRRMKWKK
True,RVRVFVVHIPRLT
True,KCRKKKRRQRRRKKPVVHLTLRQAGDDFSR
True,KKDGKKRKRSRKESYSVYVYKVLKQ
True,IWRYSLASQQ
True,RRRRRRRRRC
True,RRRRRRRGGIYLATALAKWALKQ
True,GLKKLAELAHKLLKLGC
True,CRGDC
True,KLWSAWPSLWSSLWKP
True,KCGCRWRWKCGCKK
True,RIFIHFRIGC
True,RLAMRWYSPTTRRYG
True,KRIPNKKPGKKTTTKPTKKPTIKTTKK
True,LIRLWSHLIHIWFQNRRLKWKKK
True,CSSLDEPGRGGFSSESKV
True,GRKKRRQARAPPQC
True,KRIPNKKPKK
True,ACSGRGRGCGRGRGSCG
True,WIIFRIAAYHKK
True,CRGDKGPDC
True,SRRRRRRRRR
True,RAWMRWYSPTTRRYG
True,GWTLNPAGYLLGKINLKALAALAKKIL
True,EARPALLTSRLRFIPK
True,RFTFHFRFEFTFHFEGGGRRRRRRR
True,YGRKKRRQRRRC
True,NYRRRCKNQN
True,WELVYGRKKRRQRRR
True,CGRKKRRQRLLRRPPQ
True,MIIYRAEISH
True,AYALCLTERQIKIWFANRRMKWKKEN
True,RLIMRIYSPTTRRYG
True,MIIYRDLIS
True,TVDNPASTTNKDKLFAVRK
True,LIIFRILISHHH
True,KKWALLALALHHLAHLALHLALALKKAHHHHHH
True,EEEEEEEEEEPLGLAGVSRRRRRRGGRRRR
True,RRQRRTSKLMKR
True,RQIKIAFQNRRMKWKK
True,KHKHKHKHKHKHKHKHKHKKLFKKILKYL
True,HEHEHEHEHE
True,RQIKIWFPNRRMKWKK
True,WIIFKIAASHKK
True,KWCFRVCYRGICYRRCRGK
True,ARRRCSDRFRNCPADEALCGRRR
True,NYRWRCKNQN
True,CGRKKRWWRQRRRPPQ
True,AKVKDEPQRRSARLSAKPAPPKPEPKPKKAPAKK
True,LLIILRRRIRRRARARSR
True,EEEAAGRKRKKRT
True,TAKTRYKARRAELIAERRGC
True,RRRERRAEK
True,RKKRRRESRKKRRRES
True,GIGKFLHSAKKWGKAFVGQIMNC
True,YGRKKRRQRRRYGRKKRRQRRR
True,KLWMRWWSPTTRRYG
True,SRRHHCRSKAKRARHH
True,KLWMRWYSPTTRRYG
True,WELVVLGYGRKKRRQRRR
True,LGTYTQDFNKFHTFPQTAIGVGAP
True,SPMQKTMNLPPM
True,ACGRGRGRCRGRGRGCG
True,WKARRQCFRVLHHWN
True,VPTLE
True,GALFLGWLGAAGSTMGAPKSKRKVGGC
True,KMDCRWRWKKK
True,WEAVVAYGRKKRRQRRR
True,GRKKRRQRRRPPQY
True,RRRRRRRRRGPGVTWTPQAWFQWV
True,WELVVLGKLYGRKKRRQRRR
True,RRMKWKK
True,ARRRRCSGSGSGCGSGSGSCGRRRR
True,CLLYWFRRRHRHHRRRHRRC
True,KKPTIKTTKK
True,GKKTNLFSALIKKKKTA
True,GGVCPAILKKCRRDSDCPGACICRGNGYCGSGSD
True,YRRAARRAARA
True,SWLPYPWHVPSS
True,LKTLTETLKELTKTLTEL
True,WKQSHKKGGKKGSG
True,KAFAKLAARLYRKALARQLGVAA
True,MIIYRIAASHKK
True,TRRQRTRRARRNRGC
True,TKRRITPDDVIDVRSVTTEINT
True,RRIRPRPPRLPRPRP
True,GRKKRRQRRRPPQRKC
True,VSRRRRRRGGRRRR
True,KFFKFFKFFK
True,LLKTTELLKTTELLKTTE
True,LIIFRILISH
True,CRFRFKCCKK
True,CRQIKIWFPNRRMKWKKC
True,GDVYADAAPDLFDFLDSSVTTARTINA
True,QNRRMKWKK
True,ACSDRFRNCPADEALCG
True,RQPKIWFPNRRMPWKK
True,TRRNKRNRIQEQLNRK
True,LLKLLKKLLKLLKKLLKLL
True,WIIFRALISHKK
True,VKLPPPVKLPPP
True,TSHTDAPPARSP
True,GLKKLAELAHKLLKLG
True,AGYLLGKINLKALAALAKKILGGC
True,ACRGRGRGCGRGRGRCG
True,ACRDRFRRCPADERLCG
True,MDCRWRWKCCKK
True,LLRHLRRHIRRARRHIRR
True,YGRKKRRQRRRSVYDFFVWL
True,KRPAATKKAGQAKKKKL
True,ACRGRGRGCGSGSGSCG
True,RNRSRHRR
True,WELVVLYGRKKRRQRRR
True,RLFMRFYSPTTRRYG
True,RQIKIWFQ
True,GKRKKKGKLGKKRPRSR
True,GRQLRIAGKRLRGRSK
True,LRHHLRHLLRHLRHLLRHLRHHLRHLLRH
True,RKKRRQRR
True,RRRRRRRRRRRRRRR
True,SRRHHCRAKAKRSRHH
True,YTQDFNKFHTFPQTAIGVGAP
True,LLIILRRRIRKAAHAHSK
True,GLPVCGETCVGGTCNTPGCTCSWPKCTRN
True,KCFQWQRNMRKVRGPPVSCIKR
True,GRKKRRQRRRPPQTYADFIASGRTGRRNAI
True,VKLPPPVKLPPPVKLPPP
True,WKCRRQAFRVLHHWN
True,GLKKLARLAHKLLKLGC
True,AKKRRQRRRAKKRRQRRR
True,VKRFKKFFRKLKKSV
True,NYRWRCKNQ
True,GLFKALLKLLKSLWKLLLKA
False,CHHEFRNVWVFLGEMPFILKGQWL
False,LFAKINGLKVGPLKIQIV
False,CRRALKETGLNRLVVAG
False,LIPFDFVRCLNLSYKTKAYDYPM
False,IPFVLNLDSPDSMYYGHDMFPNRMYRRLHS
False,LRFGLYL
False,WVSERQQEF
False,GTSNVHLARQLDLKPLGTMAHE
False,GIGGKPVQTAFVDNDGIYD
False,YRAMKDQKVNGAPMNKRDPCSGM
False,ADPTVTMTLA
False,YLCNYFTHDQ
False,PVMSMPCTDG
False,INGLPLS
False,LRHWTPAEIRIPIYVMIIASVVSAVQMLINAYAF
False,TRGSTDDISIVIIQLQQFSRMSREEDEKLLFP
False,TTHDDACIQYLMELNPDIV
False,AVLDFIKAAGKGLVTNIMEKVG
False,DWFNLIQYDMFWDLADCES
False,TGCRSVCSHVVRNGDITFILTSPLRS
False,FMVAPSMGAL
False,SANKSLGQFNLEGINPAPRGMPQIEVT
False,PDERRQLNKIFLWDFCNSDSI
False,ELARWFAPHIAQARTLYFCTGY
False,CRAWAATQDNKTIDNIKEEYCL
False,KTTLKLSLADENDFHLLNEQNQKIRIKSDT
False,IAYNEMLLANVMPDRPIPGDNYHTFN
False,STALLAVNTLMEPTYFLEPRQL
False,DCCHNTQLPFIYKTCPEGCNL
False,KFMAVNH
False,HADGRYTSDISSYLEGQAAKEFIAWLVNGR
False,AQMVSQVARQRADWEIVKKVQNGLGAEI
False,ETCMRINPASMSITKFTHESCSHYYE
False,LPYPVNCKTECECVMCGLGIICKQCYYQQ
False,KPKCGLCRYRCCSGGCSSGKCVNGACDCS
False,VCYDPEREGVYDESNIHELRTIKLNDLDIN
False,EEKMGFAKKCCAIGCSTEDFRMVC
False,PAKGSVGASGDLAPLAHLSLTL
False,VACKEYGQRIVLGLDARDGKVATDGWA
False,SRLPAGSDESWTQKLYQTLDKPPTNKVFS
False,PFFAFHDRDIAPEGSTLKETNQNLDIIVGMI
False,SIGNPHCVMLVEDVNTVDVSSIALRIQ
False,FWGHIWNAVKRVGANALHGAVTGALS
False,RMETSTVLKDLKPETEYVVNVYSVVEDEYSEP
False,AVINSKTGLWKVTRNLDDDD
False,VDKHCMGSWMSTCGNFEDNHTQEMG
False,SDRPTRAMDSPLIRF
False,VEKRGTKNWRPEYMHSATNMSVDAYT
False,HVRGVAMNPVDHPHGGGEGRT
False,MHQEYLQGLATNAGHPMSLTHHQWLPNPASDW
False,STEPRRLV
False,DFFYAKLMVEEAFMLHWVKDM
False,VFGKHWAYMRNWGWHKHTGALANHVN
False,CNNKRFNECWPEDFWLGN
False,SEAAALPRASAAAMRAAWPSPSVERV
False,LVRPPQDSHPVEIMKKTLGNF
False,ALTSTAFSG
False,MASISDP
False,CMPTITRMPMPLR
False,IDIKCF
False,IVISKTDSNFDWWEGKLRGQTGIFP
False,CYVQLFTRDKAVTENKYNFKIVQWYPMV
False,VFMGMGEPLLNLKEVI
False,HSCKSQFSYIDRDMITGGT
False,EGGLSPIAIKKGQVVMYTILATHRDKDIYGE
False,RDSLQRGGQKILEKAERIGDRIKDIFRG
False,GFLDKLKKGASDFANALVNSIKGT
False,AYGRAKNKPFESGVDSVGNARLRFSAKFYLVAMF
False,EVGRALANLTDATTIIGGGDSTAAAK
False,LLVGIHDVDR
False,FCPLLMSFLITQKTSETLTAVLAGGWLGLI
False,GLLSKVLGVGKKVLCGVSGLC
False,EENQFQSSKILGNPTAAPRKRGR
False,EFQEAHSMFVVH
False,PAETPNSLDLTFNRRIMDTI
False,QWGYGGMPYGGYGGMGGYGMGGYGMGY
False,ADDDIPFMSDYDETALVCDN
False,SQSGNPVMSTVAFLASVVDP
False,IMAFVYLRVFREAQKQVKK
False,SLSYEDKMFDNVEFTPRL
False,PEGHELCRPEAVEAEATLRAITIASA
False,MVRVAGIKAQVREGITERSPDGL
False,DITIKKAVELITSTATVKMEIKFTIKQVVA
False,TLPLIEQMMACRETMTSSE
False,QFSKQQSKS
False,DNLDLIVFKYQVNWYFSF
False,TLFVPQHILMTSAPNTITVLELERAPCSSDGPE
False,VGSPTVLFLAILKLWSIQVFIQVLSYKHV
False,IAINGVVRFVGAPSREELFEAINDEMEMVHAEA
False,FNCFLELPEVLHGKKFLKVDEATREDMLMS
False,PTRTYRGHNKKDKKIQKKMIM
False,AYVNKIKRNKISLNHSSTHLLHYAINC
False,GTTPGYSYSAANKNMAVIWGENTLYDYL
False,VLAMLSR
False,DTEPFNIKREESPDCPDRLMHGRW
False,EVRAGDIAAAVGLKEATTGDTLCDPGKVII
False,SLDHLRREFAKETGIIPKGVYDFVWVVDW
False,LFGFLIKLIPSLFGALSNIGRNRNQ
False,YLQTYTMDEIPYLFEQMWAVKEGFHS
False,YGGFLRRQFKVVTRSQEDPNAYSGELFDA
False,GGVNLAQKFVKNNRCQQANVGTPQPGSHGSVRT
False,APNVGALHNVLGRLRTAGKYHWVKD
False,ILIISSMAAFAFSRFKFALNNLLYSL
False,MYKIQLLSCIALTLALVANGAPTSSSTGNT
False,VVDPGVIPRNLHQMPPVDPSQDPLAIGPPT
False,MITGAAQMDGAILVVSGADGP
False,NHDKSKNRKPKQTNST
False,VDATGDIDIDFHHTVEDIGIVLGQALKEALG
False,LSKFKDKIKISYEKEVKKEEMKYFKFLI
False,HINETEIMPLHIPMETRS
False,MWITNGGVANWYFVLAR
False,AKGQRVGIFSGSGVGKSTLLGMIAKN
False,QGVTYCYTWHGDFRNPCLFC
False,FSPTLYVDSWNPHHAPFFSAVG
False,GMDIRFHTL
False,DDAYFDSIECVGHCERLQMCIWSSWYYG
False,VVVDIATLT
False,VTRPRRRQSDGFPTCQGPRRE
False,TTITVVNKCSYTVWPGALPGGGVVLD
False,AWQCYKCRQDICWQSSKIN
False,RDRTGTGGGAPCKSESDGNPTTEDESSRSP
False,DDLGHKVEKLLFDLFSGKRSGSPDIDKKINQAC
False,YSYCILNSDNYYPWEGYQ
False,NSPLFGTDGIRGKAGELL
False,WTFQVCSMGAWYNLGINAAKVNAWLVL
False,PRRTNPDRDNKQPGWPGL
False,NLKDDSWWGT
False,WYVFADPVVAAGRDHCELSSDKWPSYN
False,LQPARTLAKKRVVVKRPDYAPPLAGLTT
False,AEALQQALEEQWAKKVRLAWRVRSD
False,EGLLSEMLPQHAAKMNLML
False,NVPANEFLNLEGDKISTSRNWAVWLNEYLV
False,ACCMWVKEYMIHPYNELV
False,LPRVMCCPGVSLMRFMQ
False,FLIQMYMHSGLHDM
False,QDQSHAGGHVAHIM
False,FLGRVLPPTRATASTHRSRL
False,HCHSMFQIALSSRVAEWDSTEKIGDLFVASFSKS
False,MESSRGPPRVKNKAPAPI
False,EALHLLSSMVQYMACVTPESFVWNDLS
False,AFNNRFQQYLILESGIMTISIFERFLESTVETE
False,AINPWSPKRS
False,YKVDEDLQGAGGIQSRGYFFFRPRN
False,EQVEKCEQELAKSSGREETPVTPFEEST
False,GWKSVFRKAKKVGKTVGGLALDHYLG
False,DSEEAIRYRQEVYVRETSPLIEVYRERGLLVEV
False,DTNKSKVTVRIGAENPL
False,ARLRITLSATHDDDALDALL
False,RNFMSEVQTLIVRF
False,VMPVSLPALRERLDDIADLAPFL
False,FVAHMEKT
False,NPFKELERAGQRVRDAIIS
False,CCIMHWYYTIEVFQ
False,HIQLPCFTFMGSFQAYDHALRDRVIWT
False,SYCGHGIHKLFHTAPNVPHYAKNKAVGVM
False,DESHVTLPQVRGMYGG
False,VASDSEYSAECESLFHSTVVDTSEDEQSNYTTN
False,AKKELCTCQQPKHLKYIEKGLQKAKDYAT
False,FTELEPEDLLKFGLIPEFVGRLPV
False,VNMSSFFLMLVYYVTY
False,GAFGDLLKGVAKEAGLKLLNMAQCKLSGNC
False,AIGYLAARLAKLGVEDQLVRVGAVAGSTVV
False,NKIEITSIDECFIDATD
False,KRMWFVNFIRHKSCWMTIKYWSIMRIHNCR
False,FSGQFEKYYVPHVVE
False,CMEEPLLYECLIIPLGDFLL
False,PERGLWENIAYLDFRCHPADTKVIVKGKGV
False,GGAGEPLAFSPDMLSLRF
False,SFKMIF
False,GDFPEYNAFVSFVDSFLGFNSESRLQNFKLN
False,PSCVCSGFETSGIHFC
False,QPGSQAQTSSLPPTRDPARLVAWVLHRLEM
False,GLEESPGHPGQPGPPGPPGAPGP
False,IAFSMHPGCWGHYKFLTWLDHQYKIQLQT
False,MPPSGLRLLPLLLPLPWLLVLTP
False,VKLYSFNLGGLFFLCCTSLGVYTV
False,AIWQHLDLYSECKCGFSI
False,SLDELAAASAASTEAALDALLEQPPVEEAFV
False,TDTLKHFLKLEYEKGEKNMEIILLTDISNKGK
False,EFTHNHTVGDLTWD
False,IPDHAFAVKTLLEKLTSHEIIQSLDEIE
False,LDRQLSWNQTEWWRLCPFQ
False,GAEAIAARV
False,ESIFGVKVDKVNIMNYKGKSKRVGRYTGMTSR
False,VPAKKDKYHGWWATFPSPSFVY
False,YWNVKTLDEKAGFPKEDYVKIGDCYCQ
False,LCSAMDYFIA
False,PDKMRWDKCRYYHDRYTTT
False,AAEFPDFYDSEEQMGPHQEA
False,SGDFLRNAKLSIMHTPSARPSKTDPLG
False,GFGSFLGKALKAALKIGANVLGGAPQQ
False,HFNLMNSRTIADNVAFPLKGLKSKQAIQKKV
False,TGQITNMPNVKWTCHWGGCWFHAMVALKFASL
False,EGVMDRIVSQLLAELDGMSGGDGGDG
False,MRERDAARRATVPEINLFKARRDVVPNGDYERD
False,LVTGGKESLYWRVVAADFVTTDSGSGLVHL
False,ILLILLCIATVFLSVGGTALYCT
False,LLMTVFKTAPLLIAALAASSCGGGGSG
False,GEQWEYNHVSAMFNM
False,TIGDAIEAIENGVPIDMVQIDLTRTW
False,PVADIKAIVTGKDCPHMKEKSA
False,AEVGTLITALGCGIGREEYNPDKLRYHKIV
False,YSQQPDF
False,KKHTLGEVWVQKTSEMNTD
False,IHNMNFSA
False,MCVNSDVNQWIDLRPPAMS
False,QSNHKSVAATSISTWGESGSSEI
False,LHEAVMLEIYRQALSASELTSPR
False,MLHGENHANIRWCYT
False,LPRHIRTHTGEKPYECNICKVRFTRQDKLKVH
False,QPWIFYVMKEWGVKSQAGESTLTEY
False,ALWKTLLKGAGKVFGHVAKQFLGSQGQPES
False,PARVRPGEIVSTAGEVLGRHDGVH
False,AIEWEGIESGSVEQA
False,KHELKQG
False,CPAEFKAVMM
False,GRVVELSQEHLPGIGGAVWSDSRCQLTVGD
False,MKVSAAALAVILIATALCA
False,KQEIKRHKLEQPSLLGQFKEADTAS
False,LETPAPQVPARRLLPP
False,GTLPCESCVWIPCISSVVGCSCKSKVCYKN
False,DADFALQLTDDGLQLQQLGDDVPGAVRV
False,CCNIEEKWFS
False,PVKVYPNGVQEETSEGFPLEF
False,MVGFPYWKAYDLVMWGLMRH
False,IVDNVQQGNRDYPAIEAQSSQ
False,DTVIMASVFVHPTAQDYNKIYRFN
False,EAQKTSPSLCPESQASGPPVLEPQGAG
False,VNEIIEAFRARFDARVELAETVQETENFLVNR
False,VIQQKTQFPIDKSPQQIPMMYGVEWPMWN
False,GYINASAEGVSIRTGLELSRDPAGRMK
False,VMMVEAGFGTHGCPLLQGTCDSHCRGMDA
False,TGWERFPSYVRDFGYSGGLQ
False,FLGALIKGAIHGGRFIHGMIQNHHG
False,NVEAAPGSSLMKQIVVNYVYTRLRKNLREEHKA
False,QGTTNIVCECCMKPCTLSELRQYCP
False,INVPLRDAKASSRKRRADTAVS
False,LFKEF
False,EIELIPCSRVGHIFRNDNPYSFPKDRMKTVER
False,SMMRGVYSWFGCQWHNML
False,VYCTMVMGQYLWKIAIPEKDSLFKSFLS
False,SDLTWTYQSPGDPTNSKN
False,PQDELVELLWRDGQVVLQSQ
False,SSPETLISDLLMRESTENVPRTRLEDPAMW
False,TRVSAMPNCA
False,ETMQGCIQFTWQQH
False,GYACNSRDKWCKVLLGKMKASMFLALAG
False,GVLSNVIGYLKKLGTGALNAVLKQ
False,GYATNLLTYANNIHTYEGGTHE
False,CNGIQWNPVPPVREHADPTGVPKNPRNWMQCG
False,DKFENMGAQMVKEVSSQTSD
False,NRRPWRMNDPMSWGHN
False,LLQPKKQ
False,YRNITFAHERAGVKDKQVLDEIVETSLRQAALW
False,QLTLASLTETLKQVQTSQA
False,VMGNRSHVDQRPVKTTDTSSETQQYFRMAMISDIT
False,VPMVHNGYG
False,PYHRKWFLCYFLGGGAGWCWPQ
False,RWCKDGGVDNAQKKCVFMHYF
False,SWKSMAKKLKEYMEKLKQRA
False,DGNNLYC
False,GEIFVIIMVI
False,YGKPMEPEKIPDIIFIDGGRGQLSRAYNV
False,AYTWTGWDPCWSWHCHMRFLKEESHES
False,ESLYPGKGIKNAGREVEVIYV
False,SSASALGRRAGPLDGLIGEIDRALRVLSG
False,QVHIWRRSYDISPPDLDPQDPNSAHN
False,FSKEQVEDFVQRYQDIEKE
False,IKNLYLNHNRIESILPQQKSQ
False,PYMVCWTMGMPKYQSWPTKEMKSSRMLTSKPCFPN
False,YFKRYQVKFKRRREGKTDY
False,KLPWTEFAESAEDGPTTRFCQKLAKNHDMVVVS
False,ISCQDVKQSLAPCLPYVTGRAPKPA
False,ARGGSSI
False,ASEEKLEQVLSSMKEN
False,MHVERRECAYCLTINTTICAGYCMTR
False,PNEITIV
False,VFTFFLQLEGFTLGVKDILVTDVADRK
False,PGAGGFQISNPSAIDLACLCAALSVF
False,IEKEGFLDFDVAIATPDMMRIIGRLGKILGPRG
False,GNTAWNGNEAFLLVICIKYILDIIGYKNMSLSKE
False,GDKEGAEATI
False,GIGAILKVLATGLPTLISWIKNKRKQ
False,FFPLLFGALSSHLPKLF
False,NHKSLWSHDTQMCLDDTL
False,GLWSKIKDVAAAAGKAALGAVNEALGEQ
False,CHRRDSHKIDNYFKVLKCRLIHDSNC
False,QQSLCFRAFKDDKSIFVEA
False,WCPSDMMPAVYVNEGHESKDKNQQMCKAMWNSET
False,QWAQWPRPTPQIPP
False,MKELGNLKGS
False,HHSIAYKFRKKFVMTKIEDIFVTVGRTGLITY
False,IIKDRQYTAKADSVARRSCQTALYHIAEALV
False,LLTNAAESRGIPSIII
False,FFNDLVEFMTSGPVVVMVLEGENAVAKNRELM
False,NRWWQGVVPTVSYECRMNSWQHVFTCC
False,PTDHFIDVATYRSQEWRIAEYLG
False,ALHLIPSGILTPGVTNVIGNGVVVD
False,FEGYFTREYFFVQVEMPIY
False,YISPEVLKSQGGDGYYGRE
False,DLIYIDP
False,NRVGDRIE
False,IRKFAQQIPVKEGTWQMICEM
False,CVADLLSKESGKKEITLLTTSGSLKSKILGNNLV
False,ANEQRKTIYKFRQELLNPEYDIASK
False,QRTIAMAKQMFRAL
False,NTFTEALNPPFKEMLS
False,CGFVIATVWHQTYARDANREPSAA
False,FVESEPKL
False,GFDPLNSGIMHTVKNAAL
False,DNNEINLNIKVTDFGLAV
False,EEEESRPRKLCGRHLLIEVIKLCGQSDWS
False,VTMSTEEFFYDADTNTKLLPDWESLSHPSYIMY
False,AKASLGIR
False,PAEMPTINQLIAKPRVLQK
False,SLAFLRY
False,KCWIEEYFALKQPE
False,RCVCRRGVCRCVCTRGFC
False,DLGADSLDTVELVMAFEEE
False,PTRKLLAKNLATLYSIGDTFTVF
False,PADWRGCKPSCPWGSSSWCNEECT
False,AWMQLACFADVDTRHGYMHLMEWDDVYHY
False,GGTYSCHFGPLTWVCKPQGG
False,TKGEVREAVDQVLETLDKGEARVAE
False,LLGKSFIGSLELFSLVNHLFNFFR
False,PCAKEVMGPLRWTRLSIRRYDEQFSS
False,WMNFSIFLQEMSLFKQQSPGKFCLLVCSVCTF
False,QYYKNPMVDFRQGI
False,GDRDGNPYVTAQVTKEVLDHGRWMALDLYGRDL
False,IMEDIIRIIQDGSLDGEKYFQSLKERQGKENAEI
False,SLPPKLEAYNLMKFTAVGSIRYCMTTS
False,QYLVGKFPP
False,VGYLSASIEWAWRTGDPEAWRKWWNDP
False,TPRKGFDG
False,YEESCPDIEWEQGYIK
False,YVNMCRCDRPHDSFCPTHWFARYLNRC
False,GNGVVLTLTHECNLATWTKKLKCC
False,LGQHPIPAELGRILVDKLGLDESAVPVLAA
False,QIGFLNVTCKKSINANAEESLEADY
False,REASPYL
False,HTSYMSCCTFLRSD
False,ADTIYPFTQAENVWLPNKNDIIEK
False,VRANRHMRLWNLFYSGKM
False,AWICGNMTCGHANMPYMAIYGFAVLSW
False,GLLSTAAGVQRASAKSTLAIV
False,TNAPSVVLGGLQGISDSHQYYWHEC
False,ALNSVAYERSVMQDYE
False,SQGQRISALRAIGASAPELPR
False,AGLGGGSSDAASTLLALNRLWKLKLS
False,LKKISQYYQKFAWPQYL
False,HEAHSTYWFHGKYCFN
False,SGKGSIQFAGQPLEAWSATKLALHRAYL
False,SPEALMKEMTQLEERGIPVRSRLLLSE
False,CALVVGG
False,ANRRKWEELHQKRLQVSAASPVPSSPSP
False,FSKYCNSSDIMDLFCIATGLPRNTT
False,GLVSSIGRALGGLLADVVKSKGQPA
False,QYAWESSAGGSFTVRTDTGEPMG
False,DNTVTSKPLNCMNYFWKSRTAC
False,HESRQHKPTTKQVQICIETEAYCECNPAGF
False,FDPFTFRYAIFFKNEQTWGIEVFYKSGQQDKSAH
False,SIIIVHNHPS
False,VYCNVCFHMTRHGPLPVMSGGNM
False,EEDAAFILKWYSYEK
False,YEKALHSFIIHEDPSLNYISALKETAKE
False,VVKKLMTEFNYNSVMQVPRVEKITLN
False,SRLSELSKVQISELS
False,NAHFDLNFLNAAVTRTAYKRNPFHQFSVFDTVT
False,FQLNYKKFTSEMRAPKHDDSMKP
False,AIHYDSIHCVMQRAANEFLIDETDHGVDQNLQV
False,VYDEDGIAHALPESMLPLELPEVEDY
False,EVTMGEHPTAKIAMKDTNCPGLQPLFFPKNMD
False,TEKASRIGAAEKASRGDQES
False,LDAIDSRSQSKKLGKETPHDYLIT
False,EMGVTVAKEGIDTYSFKA
False,DGQVCKKEKQKSEDYEEN
False,GCCPFPACTHTIICRCC
False,SIGDSHIGILEQLKAW
False,EKEKEIYRTQLRNEGKPEHVIEKIIEGKLEKFY
False,IGSIDNEKNGVNKAYDLPFYC
False,EYLRSQNLALGGSVENAIVVDENRVLN
False,EDMAPAGAGALMAMLEKRRAAL
False,RERKVRGLQLRLLFLVGTASNP
False,ECGMAFENYDDIRPGDV
False,MMVIRSLSLIRLEGVEGR
False,FWSAFYVNLVQLCWKLGNEWATEA
False,PRAVHKPFIHYDKPMWYT
False,VTGPLIIAVNKTDRMDEKAELIPHLQW
False,LWGRTLLAIETDDLELVAREIDWVTKYVLIERFR
False,MRHLLGQSLTMYKVPELIFKRDQSV
False,NQRRCSVSVQLCMYYTLV
False,NRRVRCVGE
False,YFYSYKVVKGVKKYFSFSQSNGYK
False,TQYNNQPAADAFRKQLEKNGIASYLHY
False,QPFPQPQQPFPQSQ
False,NPVLAQGLEA
False,EGVEMVKKNLEKWL
False,SQNTYSFTYD
False,ELKRLKIEAVKPDLILALEKKEEL
False,QNMRNLKGFMCDEGEKFAADPTQSQCHDLTYFML
False,TVVRRRGRSPRRRTPSPRRRRSQSPRRRR
False,NGVYCTKNKCTVDWAKATTCIAGMSIGGF
False,NKSMKTLRLNNVTLEMAAYQEESEPKR
False,EGHNLQEHSVVLIRGGRVKDLPGVRYHVVRGTL
False,MWHRNRGDGGRPETSSGRRRRLR
False,THIPNAWQEPQVVYKMKLRNVSKNN
False,IHWIRSKVWLKH
False,TGIEDKEAWHGKPLPKNMAE
False,NAGSPQMLDQVGRAAPGHPVWI
False,SNFLRGKLKLYTGEACRRGDRMQFASFI
False,DAHAEPV
False,VSVYVFVFIDWHIRPKCHSCQIFQCIWRN
False,TNFYLMVPMYFTSSDCNLQ
False,DHRYNFQNHMHSDFAYMY
False,IRGQQQLRRPLVGDAGEGAG
False,WQLWQQVRPNNHSHLHAISVEKFPLSKADLIRA
False,CLGSGEQCVRDTSCCSMSCTNNICF
False,STNQAWELQNSMWEWSELMHCG
False,KCVINNEHDCNYELLR
False,HEKGQPVLVGTVAVETSEYLS
False,QKHVEDTFVTFSPTDKFYKKR
False,NVPRMYYFQYYGLKTCTWAA
False,CEYLSNVVTDGNVIKHDASIDEDSAVEIVRVEL
False,FLPVLAGIAAKVVPALFCKITKKC
False,RKFHEKHHSHRGYRSNYLYDN
False,DVDFNSESTRRKNKQKEIVDLHNSLKKTV
False,GNINGMGCWN
False,KLLTKTL
False,DTNFPICLFCCKCCKNSSCGLCCIT
False,YQDIRGPTKMEITNNCHLHKCSPKTH
False,SPLVEKQSVPAKEEEMQQPESTE
False,HTFISSLE
False,GSSSMATVCGSSLALMHAGVP
False,ARETLADDPRCTVLGAELAELPRLLAEQGLA
False,MRTWACLLLLGCGYLAFALAV
False,CLAYVWATPYTSNTESRRGNSSDHKQ
False,FLPKMSTKLRVPYRRGTKDYH
False,GFGMLFKFLAKKVAKKLVSHVAQKQLE
False,TQELMDEIH
False,DCSTFLRTSETGIVDQVMVTLNQEGYKFCKIRVR
False,GASEHTHGRLCEAVGLSGGVLSQTLARIM
False,AALEYGLIDTVLSPRGMAVKRAP
False,GRSYN
False,PRKQRRERTTFTRAQLDILEALFAKTRYPDIFMR
False,QQTTALPTWGLAPSGKGRGLQHPPPVGSQE
False,KLFNGNEVCLDPKEKWVQKVVQIFLK
False,PTTPSTPAKSAQSSKHARRPSKQASAPSSPGTTS
False,LRYLVSFREH
False,WLQQYSEDKDCAIHFTSC
False,LSITEWRPVTGAVPPMSEAEWQ
False,FGEFGVDTQTCTWQFTR
False,SHRSEIFGTCGEEQKT
False,NGARVSDMFRPSGDDFGDYSANWGDF
False,GALSEKERKLYDLIAKR
False,GSHGVEQQQ
False,SDLLFYEGLHGAVVTDKVNVAQYA
False,EKLLGQLRTDLTMNKIIVGLSGGVDSSTAAAILH
False,IVQQCTSGICSLYQENYCN
False,PATRTLISYVLKFQILKA
False,NKKNPRFKQRQGMRSRSSS
False,FEVLMQFLYTDKIKYPRKGHV
False,GGYRPQFYFRTTDVTGIIQLPEGVEMVMPGDN
False,ACYMEEMRNVELVEGEEGRMCVNMEWGAFGD
False,GIGWARCLMMHHANHCTKHAH
False,LAFNKKMSTR
False,LHKWDVQGYNDP
False,ESCTLFEEMFVPFPMRSQRNQAG
False,LNGQRKNSRDRNSKRQTELEQPKPRTDSKNENH
False,YDEALGRLESPRHRGSSPRRVLDVEVYSSRSKV
False,LLVQYILPLVCLTVSHTS
False,FEVLTKVLQEEPPLLPGHM
False,SCMNTWLQMQSGNQHYIGRMVDYLYYDNSMRND
False,FIMATPNPIFGKHQYMSEMPPETH
False,RCTCTTIISSSSTF
False,ARAVLYLAQGTFGECDSEVDVLHWSRYN
False,RWAGRFENIEWAQPEH
False,RPWCHPINAILAVEKVVCTYRDVRFESIRL
False,EVNYADIAKGYELPDGET
False,EVLQDSLDRCYSTQSMYFELPDSFQHYR
False,KSGQYFLPQFNTRKISIENY
False,CCGPEVCFDCELDKDPLCCSGAKW
False,MTILQFGNGIRRLMNRRDFQG
False,NWTPQAMLYLKGAQ
False,ENRQSIWVTIMEARKNKATLHDYMSVPQW
False,TYIMPMEDKTTCCGPM
False,YAAMVVKVIAQHQN
False,LSELEQMWLTELPAVTSREM
False,IIDYYDEGEEDRDVGVVDAR
False,RLGTRCSVCMLHAWQGGKQVDE
False,CAQAEYSRIWYDTLIE
False,GTSNEEAGLPQRRPLRQSSKQVKARLPIDSKGG
False,AKEVKPDDEEVLLKAAMTAIT
False,KIYGFLCVCSMCSSCTKPYAYEKHGLRP
False,GFFTLIKAANKLINKTVNKEAGKGGLEIMA
False,TIQDLYHQLQAVAPYASQPVIRPVEGSKPLIK
False,QYCTPNRDYQNTDAT
False,KLIWVWAYDIWPPREPMKSFAPMCLD
False,FFGHLYRGITSVVKHVHGLLSG
False,HAAQNKYPASWKWVRHWNQVEVVHI
False,THGSALFT
